-- phpMyAdmin SQL Dump
-- version 5.2.0
-- https://www.phpmyadmin.net/
--
-- Host: localhost:3306
-- Generation Time: Jul 15, 2024 at 07:06 AM
-- Server version: 8.0.30
-- PHP Version: 8.3.6

SET SQL_MODE = "NO_AUTO_VALUE_ON_ZERO";
START TRANSACTION;
SET time_zone = "+00:00";


/*!40101 SET @OLD_CHARACTER_SET_CLIENT=@@CHARACTER_SET_CLIENT */;
/*!40101 SET @OLD_CHARACTER_SET_RESULTS=@@CHARACTER_SET_RESULTS */;
/*!40101 SET @OLD_COLLATION_CONNECTION=@@COLLATION_CONNECTION */;
/*!40101 SET NAMES utf8mb4 */;

--
-- Database: `emsdb`
--

-- --------------------------------------------------------

--
-- Table structure for table `account_users`
--

CREATE TABLE `account_users` (
  `id` bigint UNSIGNED NOT NULL,
  `employee_id` bigint UNSIGNED NOT NULL,
  `user_id` bigint UNSIGNED NOT NULL,
  `acc_title` varchar(255) COLLATE utf8mb4_unicode_ci DEFAULT NULL,
  `account_number` varchar(255) COLLATE utf8mb4_unicode_ci DEFAULT NULL,
  `bank_name` varchar(255) COLLATE utf8mb4_unicode_ci DEFAULT NULL,
  `created_at` timestamp NULL DEFAULT NULL,
  `updated_at` timestamp NULL DEFAULT NULL
) ENGINE=InnoDB DEFAULT CHARSET=utf8mb4 COLLATE=utf8mb4_unicode_ci;

-- --------------------------------------------------------

--
-- Table structure for table `attendances`
--

CREATE TABLE `attendances` (
  `id` bigint UNSIGNED NOT NULL,
  `user_id` bigint UNSIGNED NOT NULL,
  `attendance_date` date NOT NULL,
  `check_in` time DEFAULT NULL,
  `check_in_status` varchar(255) COLLATE utf8mb4_unicode_ci DEFAULT NULL,
  `check_out` time DEFAULT NULL,
  `check_out_status` varchar(255) COLLATE utf8mb4_unicode_ci DEFAULT NULL,
  `total_overtime` varchar(255) COLLATE utf8mb4_unicode_ci DEFAULT NULL,
  `status` enum('present','early_out','late','ot') COLLATE utf8mb4_unicode_ci NOT NULL DEFAULT 'present',
  `created_at` timestamp NULL DEFAULT NULL,
  `updated_at` timestamp NULL DEFAULT NULL
) ENGINE=InnoDB DEFAULT CHARSET=utf8mb4 COLLATE=utf8mb4_unicode_ci;

--
-- Dumping data for table `attendances`
--

INSERT INTO `attendances` (`id`, `user_id`, `attendance_date`, `check_in`, `check_in_status`, `check_out`, `check_out_status`, `total_overtime`, `status`, `created_at`, `updated_at`) VALUES
(1, 2, '2024-05-09', '08:15:31', 'In', '17:29:41', 'Late Out', NULL, 'present', '2024-05-09 09:45:31', '2024-05-09 09:45:31'),
(2, 1, '2024-05-09', '08:09:05', 'In', '17:14:20', 'Out', '00:14', 'present', '2024-05-09 09:55:50', '2024-05-09 17:14:20'),
(3, 6, '2024-05-09', '08:11:30', 'In', '17:14:15', 'Out', '00:14', 'present', '2024-05-09 09:58:30', '2024-05-09 17:14:15'),
(4, 4, '2024-05-09', '09:00:18', 'Late In', '17:17:38', 'Out', '00:17', 'present', '2024-05-09 10:18:18', '2024-05-09 17:17:38'),
(5, 8, '2024-05-09', '08:01:45', 'in', NULL, NULL, NULL, 'present', '2024-05-09 10:21:45', '2024-05-09 10:21:45'),
(6, 3, '2024-05-09', '08:25:59', 'Late In', NULL, NULL, NULL, 'present', '2024-05-09 10:33:59', '2024-05-09 10:33:59'),
(7, 7, '2024-05-09', '08:09:00', 'in', '17:17:25', NULL, '00:17', 'present', '2024-05-09 10:39:30', '2024-05-09 17:17:25'),
(8, 8, '2024-05-10', '08:06:28', 'In', '17:09:58', NULL, '00:09', 'present', '2024-05-10 08:06:28', '2024-05-10 17:09:58'),
(9, 1, '2024-05-10', '08:14:51', 'In', '17:42:01', 'Late Out', '00:42', 'present', '2024-05-10 08:14:51', '2024-05-10 17:42:01'),
(10, 7, '2024-05-10', '08:16:07', 'In', '16:30:30', NULL, NULL, 'early_out', '2024-05-10 08:16:07', '2024-05-10 16:30:30'),
(11, 6, '2024-05-10', '08:29:59', 'Late In', '17:40:31', 'Late Out', '00:40', 'present', '2024-05-10 08:29:59', '2024-05-10 17:40:31'),
(12, 4, '2024-05-10', '08:35:53', 'Late In', '17:15:40', 'Out', '00:15', 'present', '2024-05-10 08:35:53', '2024-05-10 17:15:40'),
(13, 3, '2024-05-10', '08:39:58', 'Late In', '17:14:44', NULL, '00:14', 'present', '2024-05-10 08:39:58', '2024-05-10 17:14:44'),
(14, 2, '2024-05-10', '09:41:52', 'Late In', '16:30:41', 'Early Out', NULL, 'present', '2024-05-10 09:41:52', '2024-05-10 09:41:52'),
(15, 4, '2024-05-13', '08:12:01', 'In', '15:21:34', 'Late Out', NULL, 'early_out', '2024-05-13 08:12:01', '2024-05-13 15:21:34'),
(16, 8, '2024-05-13', '08:16:49', 'In', '17:04:40', NULL, '00:04', 'present', '2024-05-13 08:16:49', '2024-05-13 17:04:40'),
(17, 2, '2024-05-13', '08:17:13', 'In', '16:24:58', 'Early Out', NULL, 'early_out', '2024-05-13 08:17:13', '2024-05-13 16:24:58'),
(18, 6, '2024-05-13', '08:27:16', 'Late In', '17:16:31', 'Out', NULL, 'present', '2024-05-13 08:27:16', '2024-05-13 08:27:16'),
(19, 3, '2024-05-13', '09:54:22', 'Late In', NULL, NULL, NULL, 'present', '2024-05-13 09:54:22', '2024-05-13 09:54:22'),
(20, 1, '2024-05-13', '07:54:34', 'Early In', '17:07:01', 'Out', NULL, 'present', '2024-05-13 09:59:34', '2024-05-13 09:59:34'),
(21, 1, '2024-05-14', '08:05:38', 'In', '17:23:03', 'Late Out', '00:23', 'present', '2024-05-14 08:05:38', '2024-05-14 17:23:03'),
(22, 7, '2024-05-14', '08:11:13', 'in', '17:17:46', NULL, '00:17', 'present', '2024-05-14 08:11:13', '2024-05-14 17:17:46'),
(23, 6, '2024-05-14', '08:18:17', 'In', '17:22:41', 'Late Out', '00:22', 'present', '2024-05-14 08:18:17', '2024-05-14 17:22:41'),
(24, 8, '2024-05-14', '08:21:04', 'Late In', '17:22:12', NULL, '00:22', 'present', '2024-05-14 08:21:04', '2024-05-14 17:22:12'),
(25, 4, '2024-05-14', '08:26:16', 'Late In', '17:20:08', 'Out', '00:20', 'present', '2024-05-14 08:26:16', '2024-05-14 17:20:08'),
(26, 2, '2024-05-14', '09:05:34', 'Late In', '17:23:53', 'Late Out', '00:23', 'present', '2024-05-14 09:05:34', '2024-05-14 17:23:53'),
(27, 3, '2024-05-14', '09:05:46', 'late in', NULL, NULL, NULL, 'present', '2024-05-14 09:05:46', '2024-05-14 09:05:46'),
(28, 1, '2024-05-15', '08:12:35', 'In', '17:10:32', 'Out', '00:10', 'present', '2024-05-15 08:12:35', '2024-05-15 17:10:32'),
(29, 6, '2024-05-15', '08:13:35', 'In', '17:10:49', 'Out', '00:10', 'present', '2024-05-15 08:13:35', '2024-05-15 17:10:49'),
(30, 7, '2024-05-15', '08:16:31', 'In', '17:22:51', NULL, '00:22', 'present', '2024-05-15 08:16:31', '2024-05-15 17:22:51'),
(31, 2, '2024-05-15', '08:17:28', 'in', '18:23:48', 'Late Out', '01:23', 'present', '2024-05-15 08:17:28', '2024-05-15 18:23:48'),
(32, 8, '2024-05-15', '08:18:30', 'In', '17:12:10', NULL, '00:12', 'present', '2024-05-15 08:18:30', '2024-05-15 17:12:10'),
(33, 4, '2024-05-15', '08:26:03', 'Late In', '17:11:43', 'Out', '00:11', 'present', '2024-05-15 08:26:03', '2024-05-15 17:11:43'),
(34, 3, '2024-05-15', '08:54:45', 'Late In', '17:07:04', NULL, '00:07', 'present', '2024-05-15 08:54:45', '2024-05-15 17:07:04'),
(35, 1, '2024-05-16', '08:04:55', 'In', '17:07:10', 'Out', '00:07', 'present', '2024-05-16 08:04:55', '2024-05-16 17:07:10'),
(36, 7, '2024-05-16', '08:11:48', 'in', '17:30:41', NULL, '00:30', 'present', '2024-05-16 08:11:48', '2024-05-16 17:30:41'),
(37, 8, '2024-05-16', '08:14:51', 'in', '17:38:23', NULL, '00:38', 'present', '2024-05-16 08:14:51', '2024-05-16 17:38:23'),
(38, 6, '2024-05-16', '08:17:30', 'In', '17:12:16', 'Out', '00:12', 'present', '2024-05-16 08:17:30', '2024-05-16 17:12:16'),
(39, 2, '2024-05-16', '08:22:12', 'Late in', '17:07:33', 'Out', '00:07', 'present', '2024-05-16 08:22:12', '2024-05-16 17:07:33'),
(40, 4, '2024-05-16', '08:27:17', 'Late In', '17:07:45', 'Out', '00:07', 'present', '2024-05-16 08:27:17', '2024-05-16 17:07:45'),
(41, 3, '2024-05-16', '08:33:59', 'Late In', '16:57:47', NULL, NULL, 'early_out', '2024-05-16 08:33:59', '2024-05-16 16:57:47'),
(42, 8, '2024-05-17', '08:02:46', 'in', '17:50:44', NULL, '00:50', 'present', '2024-05-17 08:02:46', '2024-05-17 17:50:44'),
(43, 7, '2024-05-17', '08:15:42', 'in', '17:15:42', NULL, '00:15', 'present', '2024-05-17 08:15:42', '2024-05-17 17:15:42'),
(44, 6, '2024-05-17', '08:19:36', 'In', '17:35:29', 'Late Out', '00:35', 'present', '2024-05-17 08:19:36', '2024-05-17 17:35:29'),
(45, 4, '2024-05-17', '08:35:48', 'Late In', '17:31:55', 'Late Out', '00:31', 'present', '2024-05-17 08:35:48', '2024-05-17 17:31:55'),
(46, 3, '2024-05-17', '08:37:37', 'Late In', '17:00:07', NULL, '00:00', 'present', '2024-05-17 08:37:37', '2024-05-17 17:00:07'),
(47, 1, '2024-05-17', '08:10:23', 'In', '17:34:30', 'Late Out', '00:34', 'present', '2024-05-17 08:58:23', '2024-05-17 17:34:30'),
(48, 2, '2024-05-17', '09:03:14', 'Late in', '16:28:53', 'Early Out', NULL, 'early_out', '2024-05-17 09:03:14', '2024-05-17 16:28:53'),
(49, 8, '2024-05-20', '08:00:19', 'in', '17:23:15', NULL, '00:23', 'present', '2024-05-20 08:00:19', '2024-05-20 17:23:15'),
(50, 1, '2024-05-20', '08:02:54', 'In', '18:16:48', 'Late Out', '01:16', 'present', '2024-05-20 08:02:54', '2024-05-20 18:16:48'),
(51, 7, '2024-05-20', '08:13:18', 'in', '18:01:42', NULL, '01:01', 'present', '2024-05-20 08:13:18', '2024-05-20 18:01:42'),
(52, 2, '2024-05-20', '08:14:23', 'in', '16:30:53', 'Early Out', NULL, 'present', '2024-05-20 08:14:23', '2024-05-20 08:14:23'),
(53, 6, '2024-05-20', '08:16:40', 'In', '17:26:31', 'Late Out', NULL, 'present', '2024-05-20 08:16:40', '2024-05-20 08:16:40'),
(54, 3, '2024-05-20', '08:27:13', 'Late In', '17:05:08', NULL, '00:05', 'present', '2024-05-20 08:27:13', '2024-05-20 17:05:08'),
(55, 4, '2024-05-20', '08:34:03', 'Late In', '17:48:00', 'Late Out', '00:48', 'present', '2024-05-20 08:34:03', '2024-05-20 17:48:00'),
(56, 1, '2024-05-21', '07:51:02', 'Early In', '17:15:02', 'Out', '00:15', 'present', '2024-05-21 07:51:02', '2024-05-21 17:15:02'),
(57, 7, '2024-05-21', '08:08:47', 'in', '17:54:26', NULL, '00:54', 'present', '2024-05-21 08:08:47', '2024-05-21 17:54:26'),
(58, 6, '2024-05-21', '08:11:39', 'In', '17:25:31', 'Late Out', '00:25', 'present', '2024-05-21 08:11:39', '2024-05-21 17:25:31'),
(59, 2, '2024-05-21', '08:15:36', 'in', '17:17:33', 'Out', NULL, 'present', '2024-05-21 08:15:36', '2024-05-21 08:15:36'),
(60, 8, '2024-05-21', '08:20:05', NULL, '17:23:23', NULL, '00:23', 'present', '2024-05-21 08:20:05', '2024-05-21 17:23:23'),
(61, 3, '2024-05-21', '08:38:36', 'Late In', '17:03:37', 'Out', '00:03', 'present', '2024-05-21 08:38:36', '2024-05-21 17:03:37'),
(62, 4, '2024-05-21', '08:45:37', 'Late In', '17:20:51', 'Out', '00:20', 'present', '2024-05-21 08:45:37', '2024-05-21 17:20:51'),
(63, 2, '2024-05-22', '08:12:09', 'in', '18:19:41', 'Late Out', '01:19', 'present', '2024-05-22 08:12:09', '2024-05-22 18:19:41'),
(64, 6, '2024-05-22', '08:12:35', 'In', '17:46:12', 'Late Out', '00:46', 'present', '2024-05-22 08:12:35', '2024-05-22 17:46:12'),
(65, 1, '2024-05-22', '08:16:33', 'In', '17:13:36', 'Out', '00:13', 'present', '2024-05-22 08:16:33', '2024-05-22 17:13:36'),
(66, 8, '2024-05-22', '08:16:55', 'in', '17:35:32', NULL, '00:35', 'present', '2024-05-22 08:16:55', '2024-05-22 17:35:32'),
(67, 4, '2024-05-22', '08:25:52', 'in', '17:09:47', 'Out', '00:09', 'present', '2024-05-22 08:25:52', '2024-05-22 17:09:47'),
(68, 3, '2024-05-22', '13:22:14', NULL, '17:10:54', 'Out', '00:10', 'present', '2024-05-22 13:22:14', '2024-05-22 17:10:54'),
(69, 2, '2024-05-23', '08:11:55', 'in', '17:25:08', 'Late Out', '00:25', 'present', '2024-05-23 08:11:55', '2024-05-23 17:25:08'),
(70, 1, '2024-05-23', '08:14:57', 'In', '18:00:58', 'Late Out', '01:00', 'present', '2024-05-23 08:14:57', '2024-05-23 18:00:58'),
(71, 8, '2024-05-23', '08:16:47', 'in', '18:04:30', NULL, '01:04', 'present', '2024-05-23 08:16:47', '2024-05-23 18:04:30'),
(72, 7, '2024-05-23', '08:20:29', 'in', '20:27:45', NULL, '03:27', 'present', '2024-05-23 08:20:29', '2024-05-23 20:27:45'),
(73, 4, '2024-05-23', '08:23:40', 'Late In', '17:14:22', 'Out', '00:14', 'present', '2024-05-23 08:23:40', '2024-05-23 17:14:22'),
(74, 6, '2024-05-23', '08:34:33', 'Late In', '17:44:16', 'Late Out', '00:44', 'present', '2024-05-23 08:34:33', '2024-05-23 17:44:16'),
(75, 3, '2024-05-23', '09:03:00', 'Late In', '17:00:55', 'Out', '00:00', 'present', '2024-05-23 09:03:00', '2024-05-23 17:00:55'),
(76, 6, '2024-05-24', '08:11:14', 'In', '17:58:16', 'Late Out', NULL, 'present', '2024-05-24 08:11:14', '2024-05-24 08:11:14'),
(77, 1, '2024-05-24', '08:20:36', 'In', '17:21:18', 'Late Out', '00:21', 'present', '2024-05-24 08:20:36', '2024-05-24 17:21:18'),
(78, 8, '2024-05-24', '08:21:14', 'Late In', '16:07:12', 'Early Out', NULL, 'present', '2024-05-24 08:21:14', '2024-05-24 16:07:12'),
(79, 7, '2024-05-24', '08:23:54', 'Late In', '18:12:12', 'Late Out', '01:12', 'present', '2024-05-24 08:23:54', '2024-05-24 18:12:12'),
(80, 4, '2024-05-24', '08:42:09', 'Late In', '17:13:42', 'Late Out', '00:13', 'present', '2024-05-24 08:42:09', '2024-05-24 17:13:42'),
(81, 3, '2024-05-24', '08:43:30', 'Late In', '17:05:43', 'Late Out', '00:05', 'present', '2024-05-24 08:43:30', '2024-05-24 17:05:43'),
(82, 2, '2024-05-24', '09:07:30', 'Late In', '17:18:13', 'Late Out', '00:18', 'present', '2024-05-24 09:07:30', '2024-05-24 17:18:13'),
(83, 2, '2024-05-27', '08:11:08', 'In', '16:28:48', 'Early Out', NULL, 'present', '2024-05-27 08:11:08', '2024-05-27 16:28:48'),
(84, 4, '2024-05-27', '08:12:44', 'in', '17:01:00', 'Late Out', '00:01', 'present', '2024-05-27 08:12:44', '2024-05-27 17:01:00'),
(85, 7, '2024-05-27', '08:13:34', 'In', NULL, NULL, NULL, 'present', '2024-05-27 08:13:34', '2024-05-27 08:13:34'),
(86, 8, '2024-05-27', '08:15:53', 'in', '17:07:41', 'Late Out', '00:07', 'present', '2024-05-27 08:15:53', '2024-05-27 17:07:41'),
(87, 6, '2024-05-27', '08:16:34', 'In', '17:08:55', 'Late Out', '00:08', 'present', '2024-05-27 08:16:34', '2024-05-27 17:08:55'),
(88, 1, '2024-05-27', '08:20:25', 'In', '17:01:56', 'Out', '00:01', 'present', '2024-05-27 08:20:25', '2024-05-27 17:01:56'),
(89, 3, '2024-05-27', '08:35:00', 'Late In', NULL, NULL, NULL, 'present', '2024-05-27 08:35:00', '2024-05-27 08:35:00'),
(90, 6, '2024-05-28', '08:01:33', 'In', '17:57:04', 'Late Out', '00:57', 'present', '2024-05-28 08:01:33', '2024-05-28 17:57:04'),
(91, 8, '2024-05-28', '08:02:40', 'in', '17:47:35', 'Late Out', '00:47', 'present', '2024-05-28 08:02:40', '2024-05-28 17:47:35'),
(92, 7, '2024-05-28', '08:13:39', 'in', '17:27:01', 'Late Out', '00:27', 'present', '2024-05-28 08:13:39', '2024-05-28 17:27:01'),
(93, 4, '2024-05-28', '08:53:58', 'Late In', '18:01:33', 'Late Out', '01:01', 'present', '2024-05-28 08:53:58', '2024-05-28 18:01:33'),
(94, 1, '2024-05-28', '08:30:30', 'Late In', '17:41:16', 'Late Out', '00:41', 'present', '2024-05-28 10:30:30', '2024-05-28 17:41:16'),
(95, 2, '2024-05-28', '10:57:29', 'late in', '17:27:22', 'Late Out', '00:27', 'present', '2024-05-28 10:57:29', '2024-05-28 17:27:22'),
(96, 1, '2024-05-29', '08:09:01', 'In', '17:18:41', 'Out', '00:18', 'present', '2024-05-29 08:09:01', '2024-05-29 17:18:41'),
(97, 4, '2024-05-29', '08:13:51', 'in', '17:08:35', 'Late Out', '00:08', 'present', '2024-05-29 08:13:51', '2024-05-29 17:08:35'),
(98, 6, '2024-05-29', '08:16:11', 'In', '17:13:03', 'Late Out', '00:13', 'present', '2024-05-29 08:16:11', '2024-05-29 17:13:03'),
(99, 7, '2024-05-29', '08:24:18', 'Late In', '17:36:48', 'Late Out', '00:36', 'present', '2024-05-29 08:24:18', '2024-05-29 17:36:48'),
(100, 8, '2024-05-29', '08:28:36', 'late in', '17:06:05', 'Late Out', '00:06', 'present', '2024-05-29 08:28:36', '2024-05-29 17:06:05'),
(101, 2, '2024-05-29', '09:04:25', 'late in', '16:26:52', 'Early Out', NULL, 'present', '2024-05-29 09:04:25', '2024-05-29 16:26:52'),
(102, 6, '2024-05-30', '08:16:39', 'In', '17:19:03', 'Early Out', NULL, 'present', '2024-05-30 08:16:39', '2024-05-30 17:19:03'),
(103, 3, '2024-05-30', '08:18:08', 'in', '17:14:58', 'Early Out', NULL, 'present', '2024-05-30 08:18:08', '2024-05-30 17:14:58'),
(104, 4, '2024-05-30', '08:18:16', 'in', '17:23:06', 'Late Out', '00:03', 'present', '2024-05-30 08:18:16', '2024-05-30 17:23:06'),
(105, 2, '2024-05-30', '08:20:27', 'in', '17:21:34', 'Late Out', '00:01', 'present', '2024-05-30 08:20:27', '2024-05-30 17:21:34'),
(106, 8, '2024-05-30', '08:25:16', 'late in', '17:45:42', 'Late Out', '00:25', 'present', '2024-05-30 08:25:16', '2024-05-30 17:45:42'),
(107, 7, '2024-05-30', '08:37:02', 'Late In', '17:42:40', 'Late Out', '00:22', 'present', '2024-05-30 08:37:02', '2024-05-30 17:42:40'),
(108, 1, '2024-05-30', '07:56:58', 'Early In', '17:23:27', 'Late Out', '00:03', 'present', '2024-05-30 10:56:58', '2024-05-30 17:23:27'),
(109, 2, '2024-05-02', '08:14:00', 'late in', '17:12:00', 'Out', '-', 'present', '2024-05-30 11:17:22', '2024-05-30 11:17:22'),
(110, 2, '2024-05-03', '08:10:00', 'late in', '17:22:00', 'Late Out', '0:12', 'present', '2024-05-30 11:17:48', '2024-05-30 11:17:48'),
(111, 2, '2024-05-06', '08:07:00', 'late in', '16:35:00', 'Early Out', '-', 'present', '2024-05-30 11:18:17', '2024-05-30 11:18:17'),
(112, 2, '2024-05-07', '08:09:00', 'late in', '17:30:00', 'Late Out', '0:21', 'present', '2024-05-30 11:18:41', '2024-05-30 11:18:41'),
(113, 2, '2024-05-08', '08:05:00', 'late in', '16:34:00', 'Early Out', '-', 'present', '2024-05-30 11:19:06', '2024-05-30 11:19:06'),
(114, 4, '2024-05-02', '08:15:00', 'Late In', '17:20:00', 'Out', '0:5', 'present', '2024-05-30 11:21:16', '2024-05-30 11:21:16'),
(115, 1, '2024-05-02', '07:57:00', 'Early In', '17:12:00', 'Out', '0:15', 'present', '2024-05-30 11:27:47', '2024-05-30 11:27:47'),
(116, 1, '2024-05-03', '07:53:00', 'Early In', '17:25:00', 'Late Out', '0:32', 'present', '2024-05-30 11:28:23', '2024-05-30 11:28:23'),
(117, 1, '2024-05-06', '07:55:00', 'Early In', '17:36:00', 'Late Out', '0:41', 'present', '2024-05-30 11:29:12', '2024-05-30 11:29:12'),
(118, 1, '2024-05-07', '08:01:00', 'In', '17:34:00', 'Late Out', '0:33', 'present', '2024-05-30 11:29:48', '2024-05-30 11:29:48'),
(119, 1, '2024-05-08', '08:05:00', 'In', '17:38:00', 'Late Out', '0:33', 'present', '2024-05-30 11:30:21', '2024-05-30 11:30:21'),
(120, 4, '2024-05-03', '08:34:00', 'Late In', '17:25:00', 'Late Out', '-', 'present', '2024-05-30 16:32:04', '2024-05-30 16:32:04'),
(121, 4, '2024-05-06', '08:29:00', 'Late In', '17:20:00', 'Early Out', '-', 'present', '2024-05-30 16:32:36', '2024-05-30 16:32:36'),
(122, 4, '2024-05-07', '08:39:00', 'Late In', '17:32:00', 'Late Out', '-', 'present', '2024-05-30 16:33:14', '2024-05-30 16:33:14'),
(123, 4, '2024-05-08', '08:42:00', 'Late In', '17:32:00', 'Late Out', '-', 'present', '2024-05-30 16:34:23', '2024-05-30 16:34:23'),
(124, 6, '2024-05-02', '07:57:00', 'Early In', '17:12:00', 'Early Out', '-', 'present', '2024-05-30 16:37:45', '2024-05-30 16:37:45'),
(125, 6, '2024-05-03', '08:08:00', 'In', '17:28:00', 'Late Out', '-', 'present', '2024-05-30 16:39:44', '2024-05-30 16:39:44'),
(126, 6, '2024-05-06', '08:00:00', 'In', '17:33:00', 'Late Out', '-', 'present', '2024-05-30 16:40:54', '2024-05-30 16:40:54'),
(127, 6, '2024-05-07', '08:16:00', 'In', '17:29:00', 'Late Out', '-', 'present', '2024-05-30 16:44:13', '2024-05-30 16:44:13'),
(128, 6, '2024-05-08', '08:16:00', 'In', '17:39:00', 'Late Out', '-', 'present', '2024-05-30 16:44:47', '2024-05-30 16:44:47'),
(129, 1, '2024-05-31', '07:45:27', 'Early In', '17:32:16', 'Late Out', '00:12', 'present', '2024-05-31 07:45:27', '2024-05-31 17:32:16'),
(130, 6, '2024-05-31', '08:13:05', 'In', '17:43:46', 'Late Out', '00:23', 'present', '2024-05-31 08:13:05', '2024-05-31 17:43:46'),
(131, 2, '2024-05-31', '08:13:44', 'In', NULL, NULL, NULL, 'present', '2024-05-31 08:13:44', '2024-05-31 08:13:44'),
(132, 3, '2024-05-31', '08:17:18', 'In', '17:02:11', 'Out', NULL, 'present', '2024-05-31 08:17:18', '2024-05-31 17:02:11'),
(133, 7, '2024-05-31', '08:17:55', 'In', '17:27:11', 'Late Out', '00:07', 'present', '2024-05-31 08:17:55', '2024-05-31 17:27:11'),
(134, 4, '2024-05-31', '08:21:09', 'Late In', '17:44:55', 'Late Out', '00:24', 'present', '2024-05-31 08:21:09', '2024-05-31 17:44:55'),
(135, 8, '2024-05-31', '08:28:44', 'Late In', '17:44:02', 'Late Out', '00:24', 'present', '2024-05-31 08:28:44', '2024-05-31 17:44:02'),
(136, 1, '2024-06-03', '07:50:03', 'Early In', NULL, NULL, NULL, 'present', '2024-06-03 07:50:03', '2024-06-03 07:50:03'),
(137, 8, '2024-06-03', '08:03:58', 'In', '17:13:17', 'Out', NULL, 'present', '2024-06-03 08:03:58', '2024-06-03 17:13:17'),
(138, 3, '2024-06-03', '08:10:57', 'In', '17:18:52', 'Out', NULL, 'present', '2024-06-03 08:10:57', '2024-06-03 17:18:52'),
(139, 7, '2024-06-03', '08:21:34', 'Late In', '17:42:16', 'Late Out', '00:22', 'present', '2024-06-03 08:21:34', '2024-06-03 17:42:16'),
(140, 4, '2024-06-03', '08:22:00', 'Late In', '17:17:12', 'Out', NULL, 'present', '2024-06-03 08:22:00', '2024-06-03 17:17:12'),
(141, 6, '2024-06-03', '08:23:12', 'Late In', '17:23:19', 'Late Out', '00:03', 'present', '2024-06-03 08:23:12', '2024-06-03 17:23:19'),
(142, 2, '2024-06-03', '08:50:57', 'Late In', '16:34:24', 'Early Out', NULL, 'present', '2024-06-03 08:50:57', '2024-06-03 16:34:24'),
(143, 7, '2024-05-02', '08:09:00', 'Early In', '17:17:00', 'Early Out', '-', 'present', '2024-06-03 17:02:35', '2024-06-03 17:02:35'),
(144, 7, '2024-05-03', '08:10:00', 'Early In', '17:33:00', 'Late Out', '-', 'present', '2024-06-03 17:03:18', '2024-06-03 17:03:18'),
(145, 7, '2024-05-06', '08:12:00', 'Early In', '17:22:00', 'Late Out', '-', 'present', '2024-06-03 17:03:55', '2024-06-03 17:03:55'),
(146, 7, '2024-05-07', '08:10:00', 'Early In', '17:10:00', 'Early Out', '-', 'present', '2024-06-03 17:04:34', '2024-06-03 17:04:34'),
(147, 7, '2024-05-08', '08:09:00', 'Early In', '17:45:00', 'Late Out', '-', 'present', '2024-06-03 17:05:40', '2024-06-03 17:05:40'),
(148, 7, '2024-05-13', '08:05:00', 'Early In', '17:11:00', 'Early Out', '-', 'present', '2024-06-03 17:06:20', '2024-06-03 17:06:20'),
(149, 7, '2024-05-22', '08:11:00', 'Early In', '17:30:00', 'Late Out', '-', 'present', '2024-06-03 17:06:49', '2024-06-03 17:06:49'),
(150, 7, '2024-05-27', '08:12:00', 'Early In', '17:20:00', 'Early Out', '-', 'present', '2024-06-03 17:07:21', '2024-06-03 17:07:21'),
(151, 8, '2024-06-04', '08:05:47', 'In', '17:16:29', 'Out', NULL, 'present', '2024-06-04 08:05:47', '2024-06-04 17:16:29'),
(152, 1, '2024-06-04', '08:09:58', 'In', '17:24:18', 'Late Out', '00:04', 'present', '2024-06-04 08:09:58', '2024-06-04 17:24:18'),
(153, 6, '2024-06-04', '08:12:09', 'In', '17:17:01', 'Out', NULL, 'present', '2024-06-04 08:12:09', '2024-06-04 17:17:01'),
(154, 7, '2024-06-04', '08:17:32', 'In', '17:21:54', 'Late Out', '00:01', 'present', '2024-06-04 08:17:32', '2024-06-04 17:21:54'),
(155, 4, '2024-06-04', '08:17:51', 'In', '17:12:08', 'Out', NULL, 'present', '2024-06-04 08:17:51', '2024-06-04 17:12:08'),
(156, 3, '2024-06-04', '08:19:51', 'In', '17:18:23', 'Out', NULL, 'present', '2024-06-04 08:19:51', '2024-06-04 17:18:23'),
(157, 2, '2024-06-04', '09:13:54', 'Late In', '17:16:12', 'Out', NULL, 'present', '2024-06-04 09:13:54', '2024-06-04 17:16:12'),
(158, 2, '2024-06-05', '08:07:44', 'In', NULL, NULL, NULL, 'present', '2024-06-05 08:07:44', '2024-06-05 08:07:44'),
(159, 6, '2024-06-05', '08:16:36', 'In', '17:17:46', 'Out', NULL, 'present', '2024-06-05 08:16:36', '2024-06-05 17:17:46'),
(160, 4, '2024-06-05', '08:18:29', 'In', '17:20:33', 'Late Out', '00:00', 'present', '2024-06-05 08:18:29', '2024-06-05 17:20:33'),
(161, 7, '2024-06-05', '08:19:38', 'In', '17:32:45', 'Late Out', '00:12', 'present', '2024-06-05 08:19:38', '2024-06-05 17:32:45'),
(162, 3, '2024-06-05', '08:24:39', 'Late In', '17:18:59', 'Out', NULL, 'present', '2024-06-05 08:24:39', '2024-06-05 17:18:59'),
(163, 1, '2024-06-05', '07:50:41', 'Early In', '17:31:01', 'Late Out', '00:11', 'present', '2024-06-05 07:50:41', '2024-06-05 17:31:01'),
(164, 12, '2024-06-05', '11:13:53', 'Late In', NULL, NULL, NULL, 'present', '2024-06-05 11:13:53', '2024-06-05 11:13:53'),
(165, 1, '2024-06-06', '08:01:55', 'In', '17:42:34', 'Late Out', '00:22', 'present', '2024-06-06 08:01:55', '2024-06-06 17:42:34'),
(166, 2, '2024-06-06', '08:02:08', 'In', '17:26:53', 'Late Out', '00:06', 'present', '2024-06-06 08:02:08', '2024-06-06 17:26:53'),
(167, 8, '2024-06-06', '08:16:10', 'In', NULL, NULL, NULL, 'present', '2024-06-06 08:16:10', '2024-06-06 08:16:10'),
(168, 4, '2024-06-06', '08:16:17', 'In', '17:35:30', 'Late Out', '00:15', 'present', '2024-06-06 08:16:17', '2024-06-06 17:35:30'),
(170, 7, '2024-06-06', '08:20:32', 'Late In', '18:42:23', 'Late Out', '01:22', 'present', '2024-06-06 08:20:32', '2024-06-06 18:42:23'),
(171, 6, '2024-06-06', '08:54:15', 'Late In', '18:06:24', 'Late Out', '00:46', 'present', '2024-06-06 08:54:15', '2024-06-06 18:06:24'),
(172, 12, '2024-06-06', '10:23:32', 'Late In', NULL, NULL, NULL, 'present', '2024-06-06 10:23:32', '2024-06-06 10:23:32'),
(173, 3, '2024-06-06', '08:19:33', 'In', '17:23:00', 'Late Out', '00:03', 'present', '2024-06-06 17:17:11', '2024-06-06 17:23:00'),
(174, 2, '2024-06-07', '08:10:47', 'In', '16:27:59', 'Early Out', NULL, 'present', '2024-06-07 08:10:47', '2024-06-07 16:27:59'),
(175, 7, '2024-06-07', '08:15:19', 'In', '17:26:49', 'Late Out', '00:06', 'present', '2024-06-07 08:15:19', '2024-06-07 17:26:49'),
(176, 6, '2024-06-07', '08:18:33', 'In', '17:21:37', 'Late Out', '00:01', 'present', '2024-06-07 08:18:33', '2024-06-07 17:21:37'),
(177, 3, '2024-06-07', '08:21:24', 'Late In', '17:19:13', 'Out', NULL, 'present', '2024-06-07 08:21:24', '2024-06-07 17:19:13'),
(178, 1, '2024-06-07', '07:55:11', 'Early In', NULL, NULL, NULL, 'present', '2024-06-07 07:55:11', '2024-06-07 08:22:11'),
(179, 8, '2024-06-07', '08:22:32', 'Late In', '17:10:19', 'Out', NULL, 'present', '2024-06-07 08:22:32', '2024-06-07 17:10:19'),
(180, 12, '2024-06-07', '10:09:47', 'Late In', NULL, NULL, NULL, 'present', '2024-06-07 10:09:47', '2024-06-07 10:09:47'),
(181, 2, '2024-06-10', '08:06:39', 'In', '16:31:05', 'Early Out', NULL, 'present', '2024-06-10 08:06:39', '2024-06-10 16:31:05'),
(182, 8, '2024-06-10', '08:12:37', 'In', NULL, NULL, NULL, 'present', '2024-06-10 08:12:37', '2024-06-10 08:12:37'),
(183, 3, '2024-06-10', '08:12:57', 'In', '17:04:55', 'Out', NULL, 'present', '2024-06-10 08:12:57', '2024-06-10 17:04:55'),
(184, 4, '2024-06-10', '08:19:23', 'In', '17:01:31', 'Out', NULL, 'present', '2024-06-10 08:19:23', '2024-06-10 17:01:31'),
(185, 7, '2024-06-10', '08:20:07', 'Late In', '17:49:10', 'Late Out', '00:29', 'present', '2024-06-10 08:20:07', '2024-06-10 17:49:10'),
(186, 6, '2024-06-10', '08:33:40', 'Late In', '17:16:53', 'Out', NULL, 'present', '2024-06-10 08:33:40', '2024-06-10 17:16:53'),
(187, 1, '2024-06-10', '08:01:04', 'In', '17:46:55', 'Late Out', '00:26', 'present', '2024-06-10 08:47:04', '2024-06-10 17:46:55'),
(188, 12, '2024-06-10', '10:05:00', 'Late In', '20:36:28', 'Late Out', '03:16', 'present', '2024-06-10 10:05:00', '2024-06-10 20:36:28'),
(189, 1, '2024-06-11', '07:53:19', 'Early In', '18:01:47', 'Late Out', '00:41', 'present', '2024-06-11 07:53:19', '2024-06-11 18:01:47'),
(190, 8, '2024-06-11', '08:10:10', 'In', '17:23:14', 'Late Out', '00:03', 'present', '2024-06-11 08:10:10', '2024-06-11 17:23:14'),
(191, 2, '2024-06-11', '08:11:55', 'In', '18:01:16', 'Late Out', '00:41', 'present', '2024-06-11 08:11:55', '2024-06-11 18:01:16'),
(192, 7, '2024-06-11', '08:16:24', 'In', '17:42:11', 'Late Out', '00:22', 'present', '2024-06-11 08:16:24', '2024-06-11 17:42:11'),
(193, 4, '2024-06-11', '08:18:15', 'In', '17:07:55', 'Out', NULL, 'present', '2024-06-11 08:18:15', '2024-06-11 17:07:55'),
(194, 6, '2024-06-11', '08:20:03', 'Late In', '18:02:56', 'Late Out', '00:42', 'present', '2024-06-11 08:20:03', '2024-06-11 18:02:56'),
(195, 3, '2024-06-11', '08:33:33', 'Late In', '17:17:21', 'Out', NULL, 'present', '2024-06-11 08:33:33', '2024-06-11 17:17:21'),
(196, 12, '2024-06-11', '10:01:54', 'Late In', NULL, NULL, NULL, 'present', '2024-06-11 10:01:54', '2024-06-11 10:01:54'),
(197, 1, '2024-06-12', '08:02:56', 'In', NULL, NULL, NULL, 'present', '2024-06-12 08:02:56', '2024-06-12 08:02:56'),
(198, 4, '2024-06-12', '08:15:21', 'In', '17:31:41', 'Late Out', '00:11', 'present', '2024-06-12 08:15:21', '2024-06-12 17:31:41'),
(199, 7, '2024-06-12', '08:17:13', 'In', '17:29:07', 'Late Out', '00:09', 'present', '2024-06-12 08:17:13', '2024-06-12 17:29:07'),
(200, 8, '2024-06-12', '08:23:33', 'Late In', '17:41:55', 'Late Out', '00:21', 'present', '2024-06-12 08:23:33', '2024-06-12 17:41:55'),
(201, 2, '2024-06-12', '09:32:49', 'Late In', '16:33:15', 'Early Out', NULL, 'present', '2024-06-12 09:32:49', '2024-06-12 16:33:15'),
(202, 12, '2024-06-12', '09:56:13', 'Late In', NULL, NULL, NULL, 'present', '2024-06-12 09:56:13', '2024-06-12 09:56:13'),
(203, 1, '2024-06-13', '08:01:01', 'In', '17:43:44', 'Late Out', '00:23', 'present', '2024-06-13 08:01:01', '2024-06-13 17:43:44'),
(204, 2, '2024-06-13', '08:14:55', 'In', '17:34:33', 'Late Out', '00:14', 'present', '2024-06-13 08:14:55', '2024-06-13 17:34:33'),
(205, 4, '2024-06-13', '08:16:54', 'In', '17:19:03', 'Out', NULL, 'present', '2024-06-13 08:16:54', '2024-06-13 17:19:03'),
(206, 3, '2024-06-13', '08:17:20', 'In', '17:15:05', 'Out', NULL, 'present', '2024-06-13 08:17:20', '2024-06-13 17:15:05'),
(207, 8, '2024-06-13', '08:17:26', 'In', '17:24:45', 'Late Out', '00:04', 'present', '2024-06-13 08:17:26', '2024-06-13 17:24:45'),
(208, 7, '2024-06-13', '08:28:00', 'Late In', '17:23:10', 'Late Out', '00:03', 'present', '2024-06-13 08:28:00', '2024-06-13 17:23:10'),
(209, 6, '2024-06-13', '08:30:18', 'Late In', '17:24:58', 'Late Out', '00:04', 'present', '2024-06-13 08:30:18', '2024-06-13 17:24:58'),
(210, 12, '2024-06-13', '09:54:21', 'Late In', '19:52:05', 'Late Out', '02:32', 'present', '2024-06-13 09:54:21', '2024-06-13 19:52:05'),
(211, 1, '2024-06-14', '08:04:09', 'In', '18:45:02', 'Late Out', '01:25', 'present', '2024-06-14 08:04:09', '2024-06-14 18:45:02'),
(212, 8, '2024-06-14', '08:06:43', 'In', '17:54:36', 'Late Out', '00:34', 'present', '2024-06-14 08:06:43', '2024-06-14 17:54:36'),
(213, 6, '2024-06-14', '08:12:22', 'In', '18:45:44', 'Late Out', '01:25', 'present', '2024-06-14 08:12:22', '2024-06-14 18:45:44'),
(214, 4, '2024-06-14', '08:17:44', 'In', '18:50:31', 'Late Out', '01:30', 'present', '2024-06-14 08:17:44', '2024-06-14 18:50:31'),
(215, 7, '2024-06-14', '08:22:09', 'Late In', '17:55:14', 'Late Out', '00:35', 'present', '2024-06-14 08:22:09', '2024-06-14 17:55:14'),
(216, 2, '2024-06-14', '08:54:02', 'Late In', '18:06:56', 'Late Out', '00:46', 'present', '2024-06-14 08:54:02', '2024-06-14 18:06:56'),
(217, 12, '2024-06-14', '10:06:15', 'Late In', NULL, NULL, NULL, 'present', '2024-06-14 10:06:15', '2024-06-14 10:06:15'),
(218, 3, '2024-06-14', '11:09:26', 'Late In', '18:37:35', 'Late Out', '01:17', 'present', '2024-06-14 11:09:26', '2024-06-14 18:37:35'),
(219, 2, '2024-06-18', '14:34:50', 'Late In', '20:10:55', 'Late Out', '02:50', 'present', '2024-06-18 14:34:50', '2024-06-18 20:10:55'),
(220, 1, '2024-06-20', '07:53:14', 'Early In', '17:06:31', 'Out', NULL, 'present', '2024-06-20 07:53:14', '2024-06-20 17:06:31'),
(221, 8, '2024-06-20', '08:02:43', 'In', '17:30:40', 'Late Out', '00:10', 'present', '2024-06-20 08:02:43', '2024-06-20 17:30:40'),
(222, 3, '2024-06-20', '08:11:34', 'In', '17:06:14', 'Out', NULL, 'present', '2024-06-20 08:11:34', '2024-06-20 17:06:14'),
(223, 7, '2024-06-20', '08:14:03', 'In', '17:24:47', 'Late Out', '00:04', 'present', '2024-06-20 08:14:03', '2024-06-20 17:24:47'),
(224, 6, '2024-06-20', '08:15:45', 'In', '17:30:04', 'Late Out', '00:10', 'present', '2024-06-20 08:15:45', '2024-06-20 17:30:04'),
(225, 4, '2024-06-20', '08:19:23', 'In', '18:06:36', 'Late Out', '00:46', 'present', '2024-06-20 08:19:23', '2024-06-20 18:06:36'),
(226, 2, '2024-06-20', '09:34:42', 'Late In', '17:09:10', 'Out', NULL, 'present', '2024-06-20 09:34:42', '2024-06-20 17:09:10'),
(227, 12, '2024-06-20', '10:03:21', 'Late In', '17:23:07', 'Late Out', '00:03', 'present', '2024-06-20 10:03:22', '2024-06-20 17:23:07'),
(228, 1, '2024-06-21', '07:55:09', 'Early In', '19:48:42', 'Late Out', '02:28', 'present', '2024-06-21 07:55:09', '2024-06-21 19:48:42'),
(229, 8, '2024-06-21', '08:02:54', 'In', '17:55:51', 'Late Out', '00:35', 'present', '2024-06-21 08:02:54', '2024-06-21 17:55:51'),
(230, 3, '2024-06-21', '08:18:06', 'In', '17:26:53', 'Late Out', '00:06', 'present', '2024-06-21 08:18:06', '2024-06-21 17:26:53'),
(231, 2, '2024-06-21', '08:18:09', 'In', '17:33:59', 'Late Out', '00:13', 'present', '2024-06-21 08:18:09', '2024-06-21 17:33:59'),
(232, 6, '2024-06-21', '08:20:22', 'Late In', '19:03:39', 'Late Out', '01:43', 'present', '2024-06-21 08:20:22', '2024-06-21 19:03:39'),
(233, 4, '2024-06-21', '08:23:06', 'Late In', '18:00:32', 'Late Out', '00:40', 'present', '2024-06-21 08:23:06', '2024-06-21 18:00:32'),
(234, 7, '2024-06-21', '08:28:04', 'Late In', '23:22:07', 'Late Out', '06:02', 'present', '2024-06-21 08:28:04', '2024-06-21 23:22:07'),
(235, 12, '2024-06-21', '10:11:10', 'Late In', NULL, NULL, NULL, 'present', '2024-06-21 10:11:10', '2024-06-21 10:11:10'),
(236, 12, '2024-06-22', '14:00:29', 'Late In', '19:15:23', 'Late Out', '01:55', 'present', '2024-06-22 14:00:29', '2024-06-22 19:15:23'),
(237, 2, '2024-06-22', '14:29:26', 'Late In', NULL, NULL, NULL, 'present', '2024-06-22 14:29:26', '2024-06-22 14:29:26'),
(238, 1, '2024-06-24', '07:49:51', 'Early In', NULL, NULL, NULL, 'present', '2024-06-24 07:49:51', '2024-06-24 07:49:51'),
(239, 6, '2024-06-24', '08:10:29', 'In', '17:50:45', 'Late Out', '00:30', 'present', '2024-06-24 08:10:29', '2024-06-24 17:50:45'),
(240, 7, '2024-06-24', '08:15:42', 'In', '17:40:46', 'Late Out', '00:20', 'present', '2024-06-24 08:15:42', '2024-06-24 17:40:46'),
(241, 3, '2024-06-24', '08:18:31', 'In', '18:14:30', 'Late Out', '00:54', 'present', '2024-06-24 08:18:31', '2024-06-24 18:14:30'),
(242, 4, '2024-06-24', '08:18:33', 'In', '18:10:29', 'Late Out', '00:50', 'present', '2024-06-24 08:18:33', '2024-06-24 18:10:29'),
(243, 2, '2024-06-24', '08:20:28', 'In', '19:12:11', 'Late Out', '01:52', 'present', '2024-06-24 08:20:28', '2024-06-24 19:12:11'),
(244, 8, '2024-06-24', '09:40:07', 'Late In', NULL, NULL, NULL, 'present', '2024-06-24 09:40:07', '2024-06-24 09:40:07'),
(245, 12, '2024-06-24', '10:09:51', 'Late In', '17:58:06', 'Late Out', '00:38', 'present', '2024-06-24 10:09:51', '2024-06-24 17:58:06'),
(246, 1, '2024-06-25', '08:01:43', 'In', NULL, NULL, NULL, 'present', '2024-06-25 08:01:43', '2024-06-25 08:01:43'),
(247, 2, '2024-06-25', '08:08:25', 'In', '17:47:59', 'Late Out', '00:27', 'present', '2024-06-25 08:08:25', '2024-06-25 17:47:59'),
(248, 3, '2024-06-25', '08:16:53', 'In', '17:08:31', 'Out', NULL, 'present', '2024-06-25 08:16:53', '2024-06-25 17:08:31'),
(249, 4, '2024-06-25', '08:27:20', 'Late In', '17:52:31', 'Late Out', '00:32', 'present', '2024-06-25 08:27:20', '2024-06-25 17:52:31'),
(250, 7, '2024-06-25', '08:44:09', 'Late In', '18:20:35', 'Late Out', '01:00', 'present', '2024-06-25 08:44:09', '2024-06-25 18:20:35'),
(251, 8, '2024-06-25', '08:49:34', 'Late In', '17:15:27', 'Out', NULL, 'present', '2024-06-25 08:49:34', '2024-06-25 17:15:27'),
(252, 6, '2024-06-25', '09:01:29', 'Late In', '17:26:26', 'Late Out', '00:06', 'present', '2024-06-25 09:01:29', '2024-06-25 17:26:26'),
(253, 12, '2024-06-25', '10:07:24', 'Late In', '19:23:32', 'Late Out', '02:03', 'present', '2024-06-25 10:07:24', '2024-06-25 19:23:32'),
(254, 6, '2024-06-26', '08:08:23', 'In', '17:12:51', 'Out', NULL, 'present', '2024-06-26 08:08:23', '2024-06-26 17:12:51'),
(255, 2, '2024-06-26', '08:08:47', 'In', '16:31:09', 'Early Out', NULL, 'present', '2024-06-26 08:08:47', '2024-06-26 16:31:09'),
(256, 3, '2024-06-26', '08:19:03', 'In', '17:05:22', 'Out', NULL, 'present', '2024-06-26 08:19:03', '2024-06-26 17:05:22'),
(257, 8, '2024-06-26', '08:33:13', 'Late In', '17:21:40', 'Late Out', '00:01', 'present', '2024-06-26 08:33:13', '2024-06-26 17:21:40'),
(258, 7, '2024-06-26', '08:50:36', 'Late In', '17:58:47', 'Late Out', '00:38', 'present', '2024-06-26 08:50:36', '2024-06-26 17:58:47'),
(259, 12, '2024-06-26', '09:46:08', 'Late In', '20:49:51', 'Late Out', '03:29', 'present', '2024-06-26 09:46:08', '2024-06-26 20:49:51'),
(260, 8, '2024-06-27', '07:59:50', 'Early In', NULL, NULL, NULL, 'present', '2024-06-27 07:59:50', '2024-06-27 07:59:50'),
(261, 6, '2024-06-27', '08:09:46', 'In', NULL, NULL, NULL, 'present', '2024-06-27 08:09:46', '2024-06-27 08:09:46'),
(262, 4, '2024-06-27', '08:17:24', 'In', NULL, NULL, NULL, 'present', '2024-06-27 08:17:24', '2024-06-27 08:17:24'),
(263, 2, '2024-06-27', '08:17:41', 'In', NULL, NULL, NULL, 'present', '2024-06-27 08:17:41', '2024-06-27 08:17:41'),
(264, 7, '2024-06-27', '08:30:00', 'Late In', NULL, NULL, NULL, 'present', '2024-06-27 08:30:00', '2024-06-27 08:30:00'),
(266, 1, '2024-06-27', '08:37:09', 'Late In', NULL, NULL, NULL, 'present', '2024-06-27 08:37:09', '2024-06-27 08:37:09'),
(267, 1, '2024-06-26', '08:30:00', 'Late In', '17:30:00', 'Late Out', '-', 'present', '2024-06-27 09:29:21', '2024-06-27 09:29:21'),
(268, 12, '2024-06-27', '09:52:54', 'Late In', NULL, NULL, NULL, 'present', '2024-06-27 09:52:54', '2024-06-27 09:52:54'),
(270, 3, '2024-06-27', '12:04:19', 'Late In', NULL, NULL, NULL, 'present', '2024-06-27 07:04:19', '2024-06-27 07:04:19'),
(273, 3, '2024-06-28', '09:52:12', 'Late In', NULL, NULL, NULL, 'present', '2024-06-28 04:52:12', '2024-06-28 04:52:12'),
(274, 3, '2024-06-29', '18:15:01', 'Late In', NULL, NULL, NULL, 'present', '2024-06-29 13:15:01', '2024-06-29 13:15:01'),
(275, 6, '2024-06-29', '18:17:59', 'Late In', NULL, NULL, NULL, 'present', '2024-06-29 13:17:59', '2024-06-29 13:17:59'),
(276, 8, '2024-06-29', '18:25:19', 'Late In', '18:33:02', 'Late Out', '01:13', 'present', '2024-06-29 13:25:19', '2024-06-29 13:33:02'),
(277, 9, '2024-06-29', '18:34:13', 'Late In', NULL, NULL, NULL, 'present', '2024-06-29 13:34:13', '2024-06-29 13:34:13'),
(283, 3, '2024-07-01', '15:27:16', 'Late In', '15:59:13', 'Early Out', NULL, 'present', '2024-07-01 10:27:16', '2024-07-01 10:59:13'),
(295, 3, '2024-07-03', '16:48:04', 'Late In', NULL, NULL, NULL, 'present', '2024-07-03 11:48:04', '2024-07-03 11:48:04'),
(298, 3, '2024-07-04', '12:30:11', 'Late In', NULL, NULL, NULL, 'present', '2024-07-04 07:30:11', '2024-07-04 07:30:11');

-- --------------------------------------------------------

--
-- Table structure for table `awards`
--

CREATE TABLE `awards` (
  `id` bigint UNSIGNED NOT NULL,
  `user_id` int NOT NULL,
  `award_name` varchar(255) COLLATE utf8mb4_unicode_ci NOT NULL,
  `award_file` varchar(255) COLLATE utf8mb4_unicode_ci DEFAULT NULL,
  `description` text COLLATE utf8mb4_unicode_ci,
  `deleted_at` timestamp NULL DEFAULT NULL,
  `created_at` timestamp NULL DEFAULT NULL,
  `updated_at` timestamp NULL DEFAULT NULL
) ENGINE=InnoDB DEFAULT CHARSET=utf8mb4 COLLATE=utf8mb4_unicode_ci;

--
-- Dumping data for table `awards`
--

INSERT INTO `awards` (`id`, `user_id`, `award_name`, `award_file`, `description`, `deleted_at`, `created_at`, `updated_at`) VALUES
(1, 3, 'Employee of the month', 'storage/award_files/1719552794_avatar04.png', '<p>eweeewe</p>', NULL, '2024-06-28 05:33:14', '2024-06-28 05:33:14');

-- --------------------------------------------------------

--
-- Table structure for table `bank_details`
--

CREATE TABLE `bank_details` (
  `id` bigint UNSIGNED NOT NULL,
  `employee_id` bigint UNSIGNED NOT NULL,
  `user_id` bigint UNSIGNED NOT NULL,
  `bank_name` varchar(255) COLLATE utf8mb4_unicode_ci NOT NULL,
  `account_title` varchar(255) COLLATE utf8mb4_unicode_ci NOT NULL,
  `account_number` varchar(255) COLLATE utf8mb4_unicode_ci NOT NULL,
  `ibn` varchar(255) COLLATE utf8mb4_unicode_ci NOT NULL,
  `branch_code` varchar(255) COLLATE utf8mb4_unicode_ci NOT NULL,
  `branch_address` varchar(255) COLLATE utf8mb4_unicode_ci NOT NULL,
  `status` varchar(255) COLLATE utf8mb4_unicode_ci NOT NULL DEFAULT 'deactive',
  `created_at` timestamp NULL DEFAULT NULL,
  `updated_at` timestamp NULL DEFAULT NULL,
  `deleted_at` timestamp NULL DEFAULT NULL
) ENGINE=InnoDB DEFAULT CHARSET=utf8mb4 COLLATE=utf8mb4_unicode_ci;

--
-- Dumping data for table `bank_details`
--

INSERT INTO `bank_details` (`id`, `employee_id`, `user_id`, `bank_name`, `account_title`, `account_number`, `ibn`, `branch_code`, `branch_address`, `status`, `created_at`, `updated_at`, `deleted_at`) VALUES
(1, 5, 2, 'BHL', 'Soluta atque quae et', '8948983989392382', 'IBNPK003', 'Numquam ut aut ut om', 'Similique et facilis', 'active', '2024-06-28 04:11:11', '2024-06-28 04:11:55', NULL);

-- --------------------------------------------------------

--
-- Table structure for table `candidates`
--

CREATE TABLE `candidates` (
  `id` bigint UNSIGNED NOT NULL,
  `job_id` int NOT NULL,
  `is_applied` int NOT NULL DEFAULT '0',
  `first_name` varchar(255) COLLATE utf8mb4_unicode_ci NOT NULL,
  `last_name` varchar(255) COLLATE utf8mb4_unicode_ci NOT NULL,
  `email` varchar(255) COLLATE utf8mb4_unicode_ci NOT NULL,
  `phone` varchar(255) COLLATE utf8mb4_unicode_ci NOT NULL,
  `age` varchar(255) COLLATE utf8mb4_unicode_ci NOT NULL,
  `city` varchar(255) COLLATE utf8mb4_unicode_ci NOT NULL,
  `gender` varchar(255) COLLATE utf8mb4_unicode_ci NOT NULL,
  `marital_status` varchar(255) COLLATE utf8mb4_unicode_ci NOT NULL,
  `total_experience` varchar(255) COLLATE utf8mb4_unicode_ci NOT NULL,
  `current_salary` varchar(255) COLLATE utf8mb4_unicode_ci NOT NULL,
  `expected_salary` varchar(255) COLLATE utf8mb4_unicode_ci NOT NULL,
  `switching_reason` varchar(255) COLLATE utf8mb4_unicode_ci NOT NULL,
  `notice_period` varchar(255) COLLATE utf8mb4_unicode_ci NOT NULL,
  `datetime` varchar(255) COLLATE utf8mb4_unicode_ci NOT NULL,
  `linkdin` varchar(255) COLLATE utf8mb4_unicode_ci DEFAULT NULL,
  `github` varchar(255) COLLATE utf8mb4_unicode_ci DEFAULT NULL,
  `behance` varchar(255) COLLATE utf8mb4_unicode_ci DEFAULT NULL,
  `Website` varchar(255) COLLATE utf8mb4_unicode_ci DEFAULT NULL,
  `resume` varchar(255) COLLATE utf8mb4_unicode_ci NOT NULL,
  `cover_letter` varchar(255) COLLATE utf8mb4_unicode_ci DEFAULT NULL,
  `application_status` varchar(255) COLLATE utf8mb4_unicode_ci DEFAULT NULL,
  `deleted_at` timestamp NULL DEFAULT NULL,
  `created_at` timestamp NULL DEFAULT NULL,
  `updated_at` timestamp NULL DEFAULT NULL
) ENGINE=InnoDB DEFAULT CHARSET=utf8mb4 COLLATE=utf8mb4_unicode_ci;

--
-- Dumping data for table `candidates`
--

INSERT INTO `candidates` (`id`, `job_id`, `is_applied`, `first_name`, `last_name`, `email`, `phone`, `age`, `city`, `gender`, `marital_status`, `total_experience`, `current_salary`, `expected_salary`, `switching_reason`, `notice_period`, `datetime`, `linkdin`, `github`, `behance`, `Website`, `resume`, `cover_letter`, `application_status`, `deleted_at`, `created_at`, `updated_at`) VALUES
(1, 1, 1, 'Hashim', 'Eaton', 'qonaxekado@mailinator.com', '+1 (528) 314-5789', '18', 'Dera Ismail Khan', 'male', 'single', '81', '5555', '555555', 'Obcaecati veniam ha', 'Deserunt deleniti co', '1999-09-09T05:54', 'https://www.fohetyri.com.au', 'https://www.jigodimuj.net', 'https://www.fodequc.com', 'https://www.menawezihep.com', 'resumes/d9jByDDE01kxFAijQCpomICtxqQhYBQi1sd0FVDR.pdf', 'cover_letters/YMr72FQFNMUYClvr5BpfLPHfaXUOVJyJfkgZ3Gx8.pdf', 'Pending', '2024-07-09 11:25:06', '2024-07-08 13:50:14', '2024-07-09 11:25:06'),
(2, 2, 1, 'Barbara', 'Roth', 'susaj@mailinator.com', '+1 (808) 106-4692', '20', 'Hyderabad', 'male', 'single', '5', '5000000', '555555', 'Sunt rem est quidem', 'Voluptas at voluptat', '1981-10-24T20:23', 'https://www.bil.cc', 'https://www.tinypeboz.biz', 'https://www.gutopad.org.uk', 'https://www.qosuwybib.me.uk', 'storage/resumes/1720505175_668970079d26a.pdf', NULL, 'Interview Scheduled', NULL, '2024-07-09 06:06:15', '2024-07-12 03:59:00'),
(3, 2, 1, 'Jordan', 'Moses', 'tifytew@mailinator.com', '+1 (209) 916-4029', '20', 'Sheikhupura', 'female', 'single', '38', '5000000', '555555', 'Cupidatat aspernatur', '1month', '2010-07-02T03:56', 'https://www.riwoqamukan.co', 'https://www.sysylymutytupas.net', 'https://www.makicobun.org.uk', 'https://www.kyxokoha.me.uk', 'storage/resumes/1720506080_test.pdf', 'storage/cover_letters/1720506080_naveed-resume-2024.pdf', 'Interview Scheduled', NULL, '2024-07-09 06:21:20', '2024-07-09 09:24:41'),
(4, 1, 1, 'Preston', 'Naveed', 'testing@gmail.com', '03156955522', '20', 'Karachi', 'male', 'single', '2', '5000000', '555555', 'Magnam mollit distin', 'Aliqua Officia ad n', '2016-02-24T19:16', 'https://www.mopanovivyve.mobi', 'https://www.tyxabifukydy.org.au', 'https://www.tixenyherucygu.in', 'https://www.kin.org.uk', 'storage/resumes/1720595157_navetest.pdf', 'storage/cover_letters/1720595157_naveedletter.pdf', 'Selected', NULL, '2024-07-10 07:05:57', '2024-07-10 12:01:24'),
(5, 1, 1, 'Courtney', 'Lancaster', 'pusur@mailinator.com', '03000000000', '30', 'Peshawar', 'female', 'single', '3', '30000', '40000', 'Nostrud provident s', 'Consequat Vel natus', '1976-05-19T23:12', 'https://www.cirapabywiqyk.com.au', 'https://www.hosati.org', 'https://www.dojabiwudygafov.me', 'https://www.rubuxydaxiba.net', 'storage/resumes/1720598904_1test.pdf', 'storage/cover_letters/1720598904_2test.pdf.pdf', 'Selected', NULL, '2024-07-10 08:08:24', '2024-07-10 12:01:27'),
(6, 2, 1, 'ahmed', 'raza', 'parucugiz@mailinator.com', '03000000000', '20', 'Gujranwala', 'male', 'married', '4', '40000', '50000', 'Obcaecati ab deserun', 'Quisquam beatae prov', '1986-08-03T05:56', 'https://www.qezoka.me.uk', 'https://www.dypyguvawi.tv', 'https://www.nesefubytysem.mobi', 'https://www.ryleci.org', 'storage/resumes/1720599193_new1test.pdf', 'storage/cover_letters/1720599193_new2test.pdf.pdf', 'Selected', NULL, '2024-07-10 08:13:13', '2024-07-12 05:35:14'),
(7, 1, 1, 'Lester', 'Wilder', 'testingtttt@gmail.com', '03120000000', '20', 'Multan', 'female', 'married', '39', '30000', '40000', 'Quos molestiae moles', 'Harum explicabo Ill', '2009-08-25T14:00', 'https://www.goce.com.au', 'https://www.kyvi.cc', 'https://www.genat.in', 'https://www.fonusemigukapu.mobi', 'storage/resumes/1720603374_new444.pdf', 'storage/cover_letters/1720603374_new333.pdf', 'Pending', NULL, '2024-07-10 09:22:54', '2024-07-10 09:22:54');

-- --------------------------------------------------------

--
-- Table structure for table `complaints`
--

CREATE TABLE `complaints` (
  `id` bigint UNSIGNED NOT NULL,
  `user_id` int NOT NULL,
  `employee_id` int NOT NULL,
  `ticket_number` varchar(50) COLLATE utf8mb4_unicode_ci NOT NULL,
  `complaint_status` varchar(255) COLLATE utf8mb4_unicode_ci NOT NULL DEFAULT 'pending',
  `complaint_type` varchar(255) COLLATE utf8mb4_unicode_ci NOT NULL,
  `content` text COLLATE utf8mb4_unicode_ci NOT NULL,
  `deleted_at` timestamp NULL DEFAULT NULL,
  `created_at` timestamp NULL DEFAULT NULL,
  `updated_at` timestamp NULL DEFAULT NULL
) ENGINE=InnoDB DEFAULT CHARSET=utf8mb4 COLLATE=utf8mb4_unicode_ci;

-- --------------------------------------------------------

--
-- Table structure for table `departments`
--

CREATE TABLE `departments` (
  `id` bigint UNSIGNED NOT NULL,
  `department_name` varchar(255) COLLATE utf8mb4_unicode_ci NOT NULL,
  `status` enum('active','deactive') COLLATE utf8mb4_unicode_ci NOT NULL DEFAULT 'deactive',
  `created_at` timestamp NULL DEFAULT NULL,
  `updated_at` timestamp NULL DEFAULT NULL
) ENGINE=InnoDB DEFAULT CHARSET=utf8mb4 COLLATE=utf8mb4_unicode_ci;

--
-- Dumping data for table `departments`
--

INSERT INTO `departments` (`id`, `department_name`, `status`, `created_at`, `updated_at`) VALUES
(1, 'Web Development', 'active', '2024-05-09 09:51:34', '2024-05-09 09:51:34'),
(2, 'SEO', 'active', '2024-05-09 09:52:06', '2024-05-09 09:52:06'),
(3, 'HR', 'active', '2024-05-09 09:52:17', '2024-05-09 09:52:17'),
(4, 'APP Development', 'active', '2024-05-09 10:03:52', '2024-05-09 10:03:52');

-- --------------------------------------------------------

--
-- Table structure for table `designations`
--

CREATE TABLE `designations` (
  `id` bigint UNSIGNED NOT NULL,
  `department_id` bigint UNSIGNED NOT NULL,
  `designation_name` varchar(255) COLLATE utf8mb4_unicode_ci NOT NULL,
  `status` enum('active','deactive') COLLATE utf8mb4_unicode_ci NOT NULL DEFAULT 'deactive',
  `created_at` timestamp NULL DEFAULT NULL,
  `updated_at` timestamp NULL DEFAULT NULL
) ENGINE=InnoDB DEFAULT CHARSET=utf8mb4 COLLATE=utf8mb4_unicode_ci;

--
-- Dumping data for table `designations`
--

INSERT INTO `designations` (`id`, `department_id`, `designation_name`, `status`, `created_at`, `updated_at`) VALUES
(1, 1, 'WordPress Developer', 'active', '2024-05-09 09:52:41', '2024-07-15 04:34:20'),
(2, 1, 'PHP Developer', 'deactive', '2024-05-09 09:52:53', '2024-07-11 11:13:25'),
(3, 1, 'WordPress Team Lead', 'deactive', '2024-05-09 09:53:18', '2024-07-15 04:34:13'),
(4, 1, 'Manager', 'active', '2024-05-09 09:53:27', '2024-05-09 09:53:27'),
(5, 2, 'SEO Manager', 'active', '2024-05-09 09:54:09', '2024-05-09 14:12:03'),
(6, 2, 'SEO Expert', 'active', '2024-05-09 09:54:25', '2024-05-09 09:54:25'),
(7, 2, 'SEO Team Lead', 'active', '2024-05-09 09:54:41', '2024-05-09 09:54:41'),
(8, 3, 'HR Head', 'active', '2024-05-09 09:54:57', '2024-05-09 10:04:21'),
(9, 1, 'Junior PHP Developer', 'active', '2024-05-10 09:48:17', '2024-05-10 09:48:17'),
(12, 3, 'test', 'active', '2024-07-12 07:25:52', '2024-07-12 07:25:52'),
(13, 2, 'tres', 'deactive', '2024-07-12 07:25:59', '2024-07-12 07:25:59');

-- --------------------------------------------------------

--
-- Table structure for table `document_users`
--

CREATE TABLE `document_users` (
  `id` bigint UNSIGNED NOT NULL,
  `user_id` int NOT NULL,
  `department_id` int NOT NULL,
  `nic_front` varchar(255) COLLATE utf8mb4_unicode_ci NOT NULL,
  `nic_back` varchar(255) COLLATE utf8mb4_unicode_ci NOT NULL,
  `resume` varchar(255) COLLATE utf8mb4_unicode_ci DEFAULT NULL,
  `payslip` varchar(255) COLLATE utf8mb4_unicode_ci DEFAULT NULL,
  `experience_letter` varchar(255) COLLATE utf8mb4_unicode_ci DEFAULT NULL,
  `bill` varchar(255) COLLATE utf8mb4_unicode_ci DEFAULT NULL,
  `deleted_at` timestamp NULL DEFAULT NULL,
  `created_at` timestamp NULL DEFAULT NULL,
  `updated_at` timestamp NULL DEFAULT NULL
) ENGINE=InnoDB DEFAULT CHARSET=utf8mb4 COLLATE=utf8mb4_unicode_ci;

--
-- Dumping data for table `document_users`
--

INSERT INTO `document_users` (`id`, `user_id`, `department_id`, `nic_front`, `nic_back`, `resume`, `payslip`, `experience_letter`, `bill`, `deleted_at`, `created_at`, `updated_at`) VALUES
(30, 11, 2, 'storage/user_docs/1720466211_1.png', 'storage/user_docs/1720466211_2.png', 'storage/user_docs/1720466211_3.png', 'storage/user_docs/1720466211_4.png', 'storage/user_docs/1720466211_5.png', 'storage/user_docs/1720466284_6.png', NULL, '2024-07-08 19:16:51', '2024-07-08 19:18:04');

-- --------------------------------------------------------

--
-- Table structure for table `employees`
--

CREATE TABLE `employees` (
  `id` bigint UNSIGNED NOT NULL,
  `user_id` bigint UNSIGNED NOT NULL,
  `department_id` bigint UNSIGNED NOT NULL,
  `designation_id` bigint UNSIGNED NOT NULL,
  `employee_type_id` bigint UNSIGNED NOT NULL,
  `shift_id` bigint UNSIGNED NOT NULL,
  `date_of_birth` date NOT NULL,
  `joining_date` date NOT NULL,
  `fater_name` varchar(255) COLLATE utf8mb4_unicode_ci NOT NULL,
  `city` varchar(255) COLLATE utf8mb4_unicode_ci NOT NULL,
  `address` varchar(255) COLLATE utf8mb4_unicode_ci DEFAULT NULL,
  `phone_number` varchar(255) COLLATE utf8mb4_unicode_ci DEFAULT NULL,
  `emergency_phone_number` varchar(255) COLLATE utf8mb4_unicode_ci DEFAULT NULL,
  `emergency_person_name` varchar(255) COLLATE utf8mb4_unicode_ci DEFAULT NULL,
  `employee_img` varchar(255) COLLATE utf8mb4_unicode_ci DEFAULT NULL,
  `gender` enum('male','female') COLLATE utf8mb4_unicode_ci NOT NULL DEFAULT 'male',
  `created_at` timestamp NULL DEFAULT NULL,
  `updated_at` timestamp NULL DEFAULT NULL
) ENGINE=InnoDB DEFAULT CHARSET=utf8mb4 COLLATE=utf8mb4_unicode_ci;

--
-- Dumping data for table `employees`
--

INSERT INTO `employees` (`id`, `user_id`, `department_id`, `designation_id`, `employee_type_id`, `shift_id`, `date_of_birth`, `joining_date`, `fater_name`, `city`, `address`, `phone_number`, `emergency_phone_number`, `emergency_person_name`, `employee_img`, `gender`, `created_at`, `updated_at`) VALUES
(1, 1, 1, 4, 4, 1, '1996-04-28', '2019-04-01', 'Ghulam Muhammad', 'Karachi', 'Karachi Pakistan', '03242646886', '03242646886', 'Aqeel Devani', NULL, 'male', '2024-05-14 13:21:03', '2024-06-11 17:10:30'),
(2, 6, 1, 3, 4, 1, '2024-05-08', '2024-05-18', 'Hussain', 'Karachi', 'Karachi, Pakistan', '03161004280', '1234567890', 'Mohmmad Hussain', NULL, 'male', '2024-05-14 13:30:03', '2024-07-01 07:44:56'),
(3, 7, 1, 10, 4, 1, '1996-03-21', '2022-06-21', 'Farrukh', 'Karachi', 'PECHS, Karachi, Pakistan', '03132936369', '03132936369', 'Umer Farrukh', NULL, 'female', '2024-05-14 16:24:59', '2024-06-30 03:27:48'),
(4, 4, 1, 1, 4, 1, '2004-01-20', '2023-05-01', 'Rasheed', 'Karachi', 'Karachi Pakistan', '1234567890', '1234567890', 'Mohammad Irfan', NULL, 'male', '2024-05-14 17:19:45', '2024-06-30 03:28:13'),
(5, 2, 1, 9, 2, 1, '2000-12-08', '2023-12-01', 'Abdul Sattar', 'Karachi', 'Karachi, Pakistan', '1234567890', '1234567890', 'Ahmed', NULL, 'male', '2024-05-14 17:20:46', '2024-06-30 03:28:35'),
(6, 8, 1, 1, 1, 1, '2004-07-25', '2024-12-05', 'Shaukat Ali', 'Karachi', 'Karachi Pakistan', '1234567890', '1234567890', 'SHAUKAT ALI', NULL, 'male', '2024-05-14 17:21:57', '2024-06-30 03:28:54'),
(7, 9, 1, 2, 4, 1, '2024-05-08', '2024-05-10', 'Abdul Ghaffar', 'Karachi', 'Karachi Pakistan', '1234567890', '1234567890', 'AHMED MAST', NULL, 'male', '2024-05-15 08:48:13', '2024-06-30 03:29:16'),
(8, 3, 1, 2, 2, 1, '1990-06-29', '2024-04-15', 'Rashid', 'Karachi', 'Karachi, Pakistan', '1234567890', '1234567890', 'Naveed Rashid', NULL, 'male', '2024-05-15 08:54:04', '2024-06-28 09:19:24'),
(9, 11, 2, 5, 2, 1, '1992-02-13', '2019-02-04', 'Tahir Hussain', 'Karachi', 'Lahore, Pakistan', '03324887838', '03324887838', 'Maryam Tahir', NULL, 'female', '2024-06-04 11:59:19', '2024-06-30 03:29:44'),
(10, 12, 1, 1, 4, 1, '1996-03-23', '2022-08-05', 'Fazal Din', 'Islamabad', 'ISB, Pakistan', '03330533190', '03330533190', 'Fazal Din', NULL, 'male', '2024-06-05 11:01:49', '2024-06-30 03:30:10'),
(11, 13, 3, 8, 4, 1, '2024-06-05', '2024-06-05', 'Shahid Zaidi', 'Karachi', 'Karachi Pakistan', '03353462516', '03353462516', 'Aine Shahid', NULL, 'female', '2024-06-05 17:08:26', '2024-06-30 03:30:31'),
(16, 19, 1, 8, 4, 1, '1980-03-22', '2013-11-04', 'Portia Crane', 'Nulla reiciendis et', 'Sit Nam officiis sun', '+1 (718) 637-5624', '+1 (836) 664-6401', 'Cheyenne Butler', '1719905425.jpg', 'male', '2024-07-02 07:18:50', '2024-07-02 07:30:25');

-- --------------------------------------------------------

--
-- Table structure for table `employee_types`
--

CREATE TABLE `employee_types` (
  `id` bigint UNSIGNED NOT NULL,
  `type` enum('internee','probationary','contractual','permanent') COLLATE utf8mb4_unicode_ci NOT NULL,
  `created_at` timestamp NULL DEFAULT NULL,
  `updated_at` timestamp NULL DEFAULT NULL
) ENGINE=InnoDB DEFAULT CHARSET=utf8mb4 COLLATE=utf8mb4_unicode_ci;

--
-- Dumping data for table `employee_types`
--

INSERT INTO `employee_types` (`id`, `type`, `created_at`, `updated_at`) VALUES
(1, 'internee', '2024-06-11 17:10:04', '2024-06-11 17:10:04'),
(2, 'probationary', '2024-06-11 17:10:04', '2024-06-11 17:10:04'),
(3, 'contractual', '2024-06-11 17:10:04', '2024-06-11 17:10:04'),
(4, 'permanent', '2024-06-11 17:10:04', '2024-06-11 17:10:04');

-- --------------------------------------------------------

--
-- Table structure for table `failed_jobs`
--

CREATE TABLE `failed_jobs` (
  `id` bigint UNSIGNED NOT NULL,
  `uuid` varchar(255) COLLATE utf8mb4_unicode_ci NOT NULL,
  `connection` text COLLATE utf8mb4_unicode_ci NOT NULL,
  `queue` text COLLATE utf8mb4_unicode_ci NOT NULL,
  `payload` longtext COLLATE utf8mb4_unicode_ci NOT NULL,
  `exception` longtext COLLATE utf8mb4_unicode_ci NOT NULL,
  `failed_at` timestamp NOT NULL DEFAULT CURRENT_TIMESTAMP
) ENGINE=InnoDB DEFAULT CHARSET=utf8mb4 COLLATE=utf8mb4_unicode_ci;

-- --------------------------------------------------------

--
-- Table structure for table `holidays`
--

CREATE TABLE `holidays` (
  `id` bigint UNSIGNED NOT NULL,
  `name` varchar(255) COLLATE utf8mb4_unicode_ci NOT NULL,
  `description` text COLLATE utf8mb4_unicode_ci,
  `date` varchar(255) COLLATE utf8mb4_unicode_ci NOT NULL,
  `holiday_type` enum('National Holidays','Religious') COLLATE utf8mb4_unicode_ci NOT NULL,
  `status` varchar(255) COLLATE utf8mb4_unicode_ci NOT NULL DEFAULT 'deactivate',
  `created_at` timestamp NULL DEFAULT NULL,
  `updated_at` timestamp NULL DEFAULT NULL
) ENGINE=InnoDB DEFAULT CHARSET=utf8mb4 COLLATE=utf8mb4_unicode_ci;

--
-- Dumping data for table `holidays`
--

INSERT INTO `holidays` (`id`, `name`, `description`, `date`, `holiday_type`, `status`, `created_at`, `updated_at`) VALUES
(1, 'Labour Day', '1 May is the Labour Day.', '2024-05-01 - 2024-05-01', 'National Holidays', 'active', '2024-05-23 16:57:36', '2024-05-23 17:03:26'),
(2, 'Independence Day', NULL, '2024-08-14 - 2024-08-14', 'National Holidays', 'active', '2024-05-23 16:58:46', '2024-05-23 17:03:27'),
(3, 'Eid-ul-Fitr', '1  3 Shawwal', '2024-04-10 - 2024-04-12', 'Religious', 'active', '2024-05-23 17:00:36', '2024-05-23 17:03:29'),
(4, 'Eid-ul-Adha', '10  12 Zilhajj', '2024-06-17 - 2024-06-19', 'Religious', 'active', '2024-05-23 17:01:43', '2024-05-23 17:03:29'),
(5, 'Ashoora - 9  10 Muharram', '9  10 Muharram', '2024-07-16 - 2024-07-17', 'Religious', 'active', '2024-05-23 17:02:40', '2024-05-23 17:03:31'),
(6, 'Chehlum Imam Hussain (A.S) - 20 Saffar', 'Chehlum Imam Hussain\r\n(a.s)', '2024-08-24 - 2024-08-24', 'Religious', 'deactivate', '2024-05-23 17:04:34', '2024-05-23 17:04:34');

-- --------------------------------------------------------

--
-- Table structure for table `interviewer_remarks`
--

CREATE TABLE `interviewer_remarks` (
  `id` bigint UNSIGNED NOT NULL,
  `job_id` int NOT NULL,
  `candidate_id` int NOT NULL,
  `interviewer_id` int NOT NULL,
  `schedule_interview_id` int NOT NULL,
  `status` varchar(255) COLLATE utf8mb4_unicode_ci NOT NULL,
  `selected_notes` text COLLATE utf8mb4_unicode_ci,
  `rejected_notes` text COLLATE utf8mb4_unicode_ci,
  `deleted_at` timestamp NULL DEFAULT NULL,
  `created_at` timestamp NULL DEFAULT NULL,
  `updated_at` timestamp NULL DEFAULT NULL
) ENGINE=InnoDB DEFAULT CHARSET=utf8mb4 COLLATE=utf8mb4_unicode_ci;

--
-- Dumping data for table `interviewer_remarks`
--

INSERT INTO `interviewer_remarks` (`id`, `job_id`, `candidate_id`, `interviewer_id`, `schedule_interview_id`, `status`, `selected_notes`, `rejected_notes`, `deleted_at`, `created_at`, `updated_at`) VALUES
(1, 2, 6, 3, 3, 'Rejected', NULL, 'naveed', NULL, '2024-07-12 05:36:40', '2024-07-15 05:56:47');

-- --------------------------------------------------------

--
-- Table structure for table `jobs`
--

CREATE TABLE `jobs` (
  `id` bigint UNSIGNED NOT NULL,
  `created_by` varchar(255) COLLATE utf8mb4_unicode_ci NOT NULL,
  `title` varchar(255) COLLATE utf8mb4_unicode_ci NOT NULL,
  `department_id` int NOT NULL,
  `designation_id` int NOT NULL,
  `shift_id` int NOT NULL,
  `employment_type` varchar(255) COLLATE utf8mb4_unicode_ci NOT NULL,
  `description` text COLLATE utf8mb4_unicode_ci NOT NULL,
  `location` varchar(255) COLLATE utf8mb4_unicode_ci NOT NULL,
  `salary_range` varchar(255) COLLATE utf8mb4_unicode_ci NOT NULL,
  `closing_date` varchar(255) COLLATE utf8mb4_unicode_ci NOT NULL,
  `job_img` varchar(255) COLLATE utf8mb4_unicode_ci DEFAULT NULL,
  `deleted_at` timestamp NULL DEFAULT NULL,
  `created_at` timestamp NULL DEFAULT NULL,
  `updated_at` timestamp NULL DEFAULT NULL
) ENGINE=InnoDB DEFAULT CHARSET=utf8mb4 COLLATE=utf8mb4_unicode_ci;

--
-- Dumping data for table `jobs`
--

INSERT INTO `jobs` (`id`, `created_by`, `title`, `department_id`, `designation_id`, `shift_id`, `employment_type`, `description`, `location`, `salary_range`, `closing_date`, `job_img`, `deleted_at`, `created_at`, `updated_at`) VALUES
(1, '3', 'wordpress middelevel', 4, 3, 1, 'full_time', '<p>werwerwe</p>', 'Optio dolorum volup', 'Voluptate quasi quas', '1999-09-23', 'storage/job_images/1720362988_avatar2.png', NULL, '2024-07-07 14:35:58', '2024-07-07 14:36:28'),
(2, '3', 'Front-end Web Developer', 1, 1, 1, 'full_time', '<p><strong>Role Description</strong></p>\r\n<p>This is a mid-level, full-time on-site role for our Karachi office. As a Front-end Web Developer at Devetiv, you will be responsible for the day-to-day tasks associated with building and maintaining websites, especially using WordPress. This includes coding and implementing user interfaces, collaborating with the designer associated with the project, and ensuring the technical feasibility of UI/UX designs. You will also be responsible for optimizing websites for maximum speed and scalability.</p>\r\n<p><strong>NOTE: Please, submit a portfolio with your application (URLs of live websites, Git repositories, etc.)</strong></p>\r\n<p><strong>Qualifications</strong></p>\r\n<ul>\r\n<li>Strong proficiency in Front-End Development and Web Development</li>\r\n<li>3 years of WordPress development experience is a must (not just through page builders)</li>\r\n<li>Proficiency in responsive web design implementation</li>\r\n<li>Understanding of UI/UX design principles</li>\r\n<li>Experience with version control systems (e.g., Git) is a plus</li>\r\n<li>Knowledge of SEO principles and best practices is a plus</li>\r\n<li>Experience of other CMS platforms, such as Shopify, Wix, and/or WooCommerce is a plus</li>\r\n</ul>\r\n<p><strong>Compensation &amp; Job Specs</strong></p>\r\n<ul>\r\n<li>Expected monthly salary: Rs.70,000 to Rs.100,000</li>\r\n<li>Work days: Monday to Friday</li>\r\n<li>Shift timings: Flexible</li>\r\n<li>Performance-based perks (starting from fourth month)</li>\r\n</ul>\r\n<p>If you meet the above-mentioned criteria, we\'d love to hear from you!</p>', 'Karachi', '40,000', '2024-07-18', 'storage/job_images/1720496966_word.png', NULL, '2024-07-09 03:49:26', '2024-07-10 03:53:11');

-- --------------------------------------------------------

--
-- Table structure for table `leave_applications`
--

CREATE TABLE `leave_applications` (
  `id` bigint UNSIGNED NOT NULL,
  `employee_id` int(11) UNSIGNED ZEROFILL DEFAULT NULL,
  `user_id` int NOT NULL,
  `leave_type_id` int NOT NULL,
  `start_date` varchar(255) COLLATE utf8mb4_unicode_ci NOT NULL,
  `end_date` varchar(255) COLLATE utf8mb4_unicode_ci NOT NULL,
  `reason` text COLLATE utf8mb4_unicode_ci,
  `leave_image` varchar(255) COLLATE utf8mb4_unicode_ci DEFAULT NULL,
  `status` enum('Pending','Approved','Rejected') COLLATE utf8mb4_unicode_ci NOT NULL DEFAULT 'Pending',
  `total_leave` varchar(255) COLLATE utf8mb4_unicode_ci DEFAULT NULL,
  `created_at` timestamp NULL DEFAULT NULL,
  `updated_at` timestamp NULL DEFAULT NULL
) ENGINE=InnoDB DEFAULT CHARSET=utf8mb4 COLLATE=utf8mb4_unicode_ci;

--
-- Dumping data for table `leave_applications`
--

INSERT INTO `leave_applications` (`id`, `employee_id`, `user_id`, `leave_type_id`, `start_date`, `end_date`, `reason`, `leave_image`, `status`, `total_leave`, `created_at`, `updated_at`) VALUES
(2, NULL, 4, 3, '2024-01-19', '2024-01-19', 'Sick Leave', NULL, 'Approved', '1', '2024-05-23 16:59:25', '2024-05-23 17:11:17'),
(3, NULL, 4, 4, '2024-02-21', '2024-02-21', 'Important Event', NULL, 'Approved', '1', '2024-05-23 17:02:03', '2024-05-23 17:11:24'),
(4, NULL, 4, 3, '2024-03-21', '2024-03-21', 'Sick Leave', NULL, 'Approved', '1', '2024-05-23 17:04:14', '2024-05-23 17:11:31'),
(5, NULL, 4, 3, '2024-04-26', '2024-04-26', 'Sick leave', NULL, 'Approved', '1', '2024-05-23 17:05:54', '2024-05-23 17:11:37'),
(6, NULL, 4, 3, '2024-06-07', '2024-06-07', 'Hello, I hope this request finds you well,\n\nAn urgent family event has come up that I can\'t skip due to certain circumstances therefore I am sincerely asking you to grant me a leave on friday 7th june, I am 100% willing to work on saturday if needed.\n\nI will greatly appreciate the approval of this leave, and won\'t forget it,\n\nThanks and regards,\nHuzaifa Rasheed', NULL, 'Approved', '1', '2024-06-06 21:10:56', '2024-06-10 08:48:27'),
(7, NULL, 4, 4, '2024-06-12', '2024-06-12', 'I have an important personal matter that requires my attention and needs to be addressed urgently.', NULL, 'Approved', '1', '2024-06-11 16:40:50', '2024-06-12 08:55:53'),
(8, NULL, 6, 3, '2024-06-12', '2024-06-12', 'health issue', NULL, 'Approved', '1', '2024-06-14 18:28:52', '2024-06-14 18:42:06'),
(9, NULL, 4, 3, '2024-06-26', '2024-06-26', 'Hello I hope this request finds you well,\r\nDue to the current partial heatwave in Karachi I have gotten sick and will not be able to come to work on 26th therefore I am requesting a leave, \r\nI will greatly appreciate the approval of this leave and will be greatful\r\nSincerely,\r\nHuzaifa Rasheed', NULL, 'Approved', '1', '2024-06-26 00:07:32', '2024-06-26 10:23:54'),
(10, NULL, 8, 3, '2024-06-26', '2024-06-27', 'Amet officia ad rec', NULL, 'Approved', '2', '2024-06-27 11:33:21', '2024-06-27 11:36:46'),
(11, NULL, 2, 4, '2024-06-27', '2024-06-28', 'wefrwer', NULL, 'Pending', '2', '2024-06-27 11:50:48', '2024-06-27 11:50:48'),
(12, NULL, 3, 4, '2024-06-12', '2024-06-12', 'reason', NULL, 'Approved', '1', '2024-07-03 07:28:40', '2024-07-03 07:29:06'),
(13, NULL, 3, 3, '2024-07-12', '2024-07-13', 'sadad', NULL, 'Pending', '1', '2024-07-11 09:11:36', '2024-07-11 09:11:36');

-- --------------------------------------------------------

--
-- Table structure for table `leave_types`
--

CREATE TABLE `leave_types` (
  `id` bigint UNSIGNED NOT NULL,
  `name` varchar(255) COLLATE utf8mb4_unicode_ci NOT NULL,
  `description` varchar(255) COLLATE utf8mb4_unicode_ci DEFAULT '',
  `default_balance` int UNSIGNED NOT NULL,
  `status` enum('active','deactive') COLLATE utf8mb4_unicode_ci NOT NULL DEFAULT 'deactive',
  `created_at` timestamp NULL DEFAULT NULL,
  `updated_at` timestamp NULL DEFAULT NULL
) ENGINE=InnoDB DEFAULT CHARSET=utf8mb4 COLLATE=utf8mb4_unicode_ci;

--
-- Dumping data for table `leave_types`
--

INSERT INTO `leave_types` (`id`, `name`, `description`, `default_balance`, `status`, `created_at`, `updated_at`) VALUES
(3, 'Sick Leave', 'All permanent employees are entitled to 8 days of paid sick leave.', 8, 'active', '2024-05-20 16:20:23', '2024-05-20 16:20:23'),
(4, 'Annual Leave', 'All permanent employees are entitled to 8 days of paid annual leave.', 8, 'active', '2024-05-20 16:20:51', '2024-05-20 16:20:51');

-- --------------------------------------------------------

--
-- Table structure for table `migrations`
--

CREATE TABLE `migrations` (
  `id` int UNSIGNED NOT NULL,
  `migration` varchar(255) COLLATE utf8mb4_unicode_ci NOT NULL,
  `batch` int NOT NULL
) ENGINE=InnoDB DEFAULT CHARSET=utf8mb4 COLLATE=utf8mb4_unicode_ci;

--
-- Dumping data for table `migrations`
--

INSERT INTO `migrations` (`id`, `migration`, `batch`) VALUES
(15, '2014_10_12_000000_create_users_table', 1),
(16, '2014_10_12_100000_create_password_resets_table', 1),
(17, '2019_08_19_000000_create_failed_jobs_table', 1),
(18, '2024_02_28_110009_create_portfolios_table', 1),
(19, '2024_04_29_191130_create_roles_table', 1),
(20, '2024_04_30_114037_create_attendances_table', 1),
(21, '2024_05_05_160554_create_permissions_table', 1),
(22, '2024_05_07_102332_create_departments_table', 1),
(23, '2024_05_07_102754_create_designations_table', 1),
(25, '2024_05_07_113415_create_account_users_table', 1),
(27, '2024_05_07_103523_create_employees_table', 2),
(28, '2024_05_15_094402_create_leave_types_table', 3),
(29, '2024_05_15_094910_create_leave_applications_table', 4),
(30, '2024_05_21_090454_create_holidays_table', 5),
(31, '2024_06_04_101735_create_notices_table', 6),
(32, '2024_06_06_151705_create_bank_details_table', 7),
(33, '2024_06_10_134403_create_employee_types_table', 8),
(34, '2024_06_10_094714_create_shifts_table', 9),
(36, '2024_06_14_130929_create_complaints_table', 10),
(37, '2024_06_18_211852_create_awards_table', 11),
(38, '2024_06_25_092455_create_time_logs_table', 12),
(43, '2024_07_04_115614_create_jobs_table', 14),
(44, '2024_05_07_113903_create_document_users_table', 15),
(47, '2024_07_08_114509_create_candidates_table', 16),
(49, '2024_07_10_150107_create_schedule_interviews_table', 17),
(50, '2024_07_12_091831_create_interviewer_remarks_table', 18);

-- --------------------------------------------------------

--
-- Table structure for table `notices`
--

CREATE TABLE `notices` (
  `id` bigint UNSIGNED NOT NULL,
  `name` varchar(255) COLLATE utf8mb4_unicode_ci NOT NULL,
  `notice_type` varchar(255) COLLATE utf8mb4_unicode_ci NOT NULL,
  `department_id` varchar(255) COLLATE utf8mb4_unicode_ci NOT NULL,
  `description` text COLLATE utf8mb4_unicode_ci NOT NULL,
  `status` varchar(255) COLLATE utf8mb4_unicode_ci NOT NULL DEFAULT 'deactivate',
  `created_at` timestamp NULL DEFAULT NULL,
  `updated_at` timestamp NULL DEFAULT NULL
) ENGINE=InnoDB DEFAULT CHARSET=utf8mb4 COLLATE=utf8mb4_unicode_ci;

--
-- Dumping data for table `notices`
--

INSERT INTO `notices` (`id`, `name`, `notice_type`, `department_id`, `description`, `status`, `created_at`, `updated_at`) VALUES
(2, 'Christen Monroe', 'announcement', '0', '<p>ssdfsdfsdf</p>', 'active', '2024-07-11 11:10:08', '2024-07-11 11:10:43');

-- --------------------------------------------------------

--
-- Table structure for table `password_resets`
--

CREATE TABLE `password_resets` (
  `email` varchar(255) COLLATE utf8mb4_unicode_ci NOT NULL,
  `token` varchar(255) COLLATE utf8mb4_unicode_ci NOT NULL,
  `created_at` timestamp NULL DEFAULT NULL
) ENGINE=InnoDB DEFAULT CHARSET=utf8mb4 COLLATE=utf8mb4_unicode_ci;

--
-- Dumping data for table `password_resets`
--

INSERT INTO `password_resets` (`email`, `token`, `created_at`) VALUES
('fawazhussain02@gmail.com', '$2y$10$xMmhgn9xSukk2Ik50GZ0Pe0ogKa75c.9VKFl04JAsuLChPvNprpma', '2024-06-30 04:56:42');

-- --------------------------------------------------------

--
-- Table structure for table `permissions`
--

CREATE TABLE `permissions` (
  `id` bigint UNSIGNED NOT NULL,
  `created_at` timestamp NULL DEFAULT NULL,
  `updated_at` timestamp NULL DEFAULT NULL
) ENGINE=InnoDB DEFAULT CHARSET=utf8mb4 COLLATE=utf8mb4_unicode_ci;

-- --------------------------------------------------------

--
-- Table structure for table `portfolios`
--

CREATE TABLE `portfolios` (
  `id` bigint UNSIGNED NOT NULL,
  `created_at` timestamp NULL DEFAULT NULL,
  `updated_at` timestamp NULL DEFAULT NULL
) ENGINE=InnoDB DEFAULT CHARSET=utf8mb4 COLLATE=utf8mb4_unicode_ci;

-- --------------------------------------------------------

--
-- Table structure for table `roles`
--

CREATE TABLE `roles` (
  `id` bigint UNSIGNED NOT NULL,
  `name` varchar(255) COLLATE utf8mb4_unicode_ci NOT NULL,
  `status` varchar(255) COLLATE utf8mb4_unicode_ci DEFAULT NULL,
  `created_at` timestamp NULL DEFAULT NULL,
  `updated_at` timestamp NULL DEFAULT NULL
) ENGINE=InnoDB DEFAULT CHARSET=utf8mb4 COLLATE=utf8mb4_unicode_ci;

--
-- Dumping data for table `roles`
--

INSERT INTO `roles` (`id`, `name`, `status`, `created_at`, `updated_at`) VALUES
(1, 'Super Admin', 'active', '2024-05-09 09:42:51', '2024-05-09 09:42:51'),
(2, 'Admin', 'active', '2024-05-09 09:44:11', '2024-05-09 09:44:11'),
(3, 'Employee', 'active', '2024-05-09 09:47:28', '2024-05-09 09:47:28');

-- --------------------------------------------------------

--
-- Table structure for table `schedule_interviews`
--

CREATE TABLE `schedule_interviews` (
  `id` bigint UNSIGNED NOT NULL,
  `job_id` int NOT NULL,
  `candidate_id` int NOT NULL,
  `interviewer_id` int NOT NULL,
  `interview_type` varchar(255) COLLATE utf8mb4_unicode_ci NOT NULL,
  `interviewer_notes` text COLLATE utf8mb4_unicode_ci NOT NULL,
  `candidate_notes` text COLLATE utf8mb4_unicode_ci NOT NULL,
  `interview_date` varchar(255) COLLATE utf8mb4_unicode_ci NOT NULL,
  `interview_time` varchar(255) COLLATE utf8mb4_unicode_ci NOT NULL,
  `interview_level` varchar(255) COLLATE utf8mb4_unicode_ci NOT NULL,
  `deleted_at` timestamp NULL DEFAULT NULL,
  `created_at` timestamp NULL DEFAULT NULL,
  `updated_at` timestamp NULL DEFAULT NULL
) ENGINE=InnoDB DEFAULT CHARSET=utf8mb4 COLLATE=utf8mb4_unicode_ci;

--
-- Dumping data for table `schedule_interviews`
--

INSERT INTO `schedule_interviews` (`id`, `job_id`, `candidate_id`, `interviewer_id`, `interview_type`, `interviewer_notes`, `candidate_notes`, `interview_date`, `interview_time`, `interview_level`, `deleted_at`, `created_at`, `updated_at`) VALUES
(1, 1, 4, 6, 'initial', '<p><label for=\"interviewer_notes\">Interviewer Notes<label for=\"interviewer_notes\">Interviewer Notes</label></label></p>', '<p><label for=\"candidate_notes\">Candidate Notes</label></p>', '2024-07-12', '23:36', '1', NULL, '2024-07-11 06:40:11', '2024-07-11 06:40:11'),
(2, 1, 4, 3, 'technical', '<p><label for=\"interviewer_notes\">Interviewer Notes tech</label></p>', '<p><label for=\"interviewer_notes\">Candidate Notes tech</label></p>', '2001-11-09', '22:58', '3', NULL, '2024-07-11 07:20:13', '2024-07-11 07:20:13'),
(3, 2, 6, 3, 'initial', '<p><strong>Interviewer Notes interview</strong></p>', '<p><strong>Candidate Notes interview</strong></p>', '2024-07-13', '10:35', '1', NULL, '2024-07-12 05:36:40', '2024-07-12 05:36:40');

-- --------------------------------------------------------

--
-- Table structure for table `shifts`
--

CREATE TABLE `shifts` (
  `id` bigint UNSIGNED NOT NULL,
  `name` varchar(255) COLLATE utf8mb4_unicode_ci NOT NULL,
  `opening` varchar(255) COLLATE utf8mb4_unicode_ci NOT NULL,
  `closing` varchar(255) COLLATE utf8mb4_unicode_ci NOT NULL,
  `created_at` timestamp NULL DEFAULT NULL,
  `updated_at` timestamp NULL DEFAULT NULL
) ENGINE=InnoDB DEFAULT CHARSET=utf8mb4 COLLATE=utf8mb4_unicode_ci;

--
-- Dumping data for table `shifts`
--

INSERT INTO `shifts` (`id`, `name`, `opening`, `closing`, `created_at`, `updated_at`) VALUES
(1, 'Mornign - 8 to 5', '08:00', '17:00', '2024-06-11 16:44:11', '2024-06-11 16:44:11');

-- --------------------------------------------------------

--
-- Table structure for table `time_logs`
--

CREATE TABLE `time_logs` (
  `id` bigint UNSIGNED NOT NULL,
  `user_id` int NOT NULL,
  `attendance_id` bigint UNSIGNED DEFAULT NULL,
  `start_time` varchar(255) COLLATE utf8mb4_unicode_ci DEFAULT NULL,
  `end_time` varchar(255) COLLATE utf8mb4_unicode_ci DEFAULT NULL,
  `duration` varchar(255) COLLATE utf8mb4_unicode_ci DEFAULT NULL,
  `created_at` timestamp NULL DEFAULT NULL,
  `updated_at` timestamp NULL DEFAULT NULL,
  `deleted_at` timestamp NULL DEFAULT NULL
) ENGINE=InnoDB DEFAULT CHARSET=utf8mb4 COLLATE=utf8mb4_unicode_ci;

--
-- Dumping data for table `time_logs`
--

INSERT INTO `time_logs` (`id`, `user_id`, `attendance_id`, `start_time`, `end_time`, `duration`, `created_at`, `updated_at`, `deleted_at`) VALUES
(1, 3, 270, '12:30:07', '12:33:16', '00:03:09', '2024-06-27 07:30:07', '2024-06-27 07:33:16', NULL),
(2, 3, 270, '12:37:20', '12:37:30', '00:00:10', '2024-06-27 07:37:20', '2024-06-27 07:37:30', NULL),
(4, 3, 273, '09:52:24', '09:52:43', '00:00:19', '2024-06-28 04:52:24', '2024-06-28 04:52:43', NULL),
(5, 3, 273, '09:56:03', '09:56:16', '00:00:13', '2024-06-28 04:56:03', '2024-06-28 04:56:16', NULL),
(6, 3, 273, '15:45:22', '15:45:33', '00:00:11', '2024-06-28 10:45:22', '2024-06-28 10:45:33', NULL),
(7, 3, 273, '15:45:37', '15:45:44', '00:00:07', '2024-06-28 10:45:37', '2024-06-28 10:45:44', NULL),
(8, 3, 273, '16:39:18', '16:39:23', '00:00:05', '2024-06-28 11:39:18', '2024-06-28 11:39:23', NULL),
(9, 3, 273, '16:40:06', '16:40:14', '00:00:08', '2024-06-28 11:40:06', '2024-06-28 11:40:14', NULL),
(10, 3, 273, '16:41:37', '16:43:12', '00:01:35', '2024-06-28 11:41:37', '2024-06-28 11:43:12', NULL),
(11, 3, 273, '16:47:00', '16:47:05', '00:00:05', '2024-06-28 11:47:00', '2024-06-28 11:47:05', NULL),
(12, 3, 273, '16:47:09', '16:47:52', '00:00:43', '2024-06-28 11:47:09', '2024-06-28 11:47:52', NULL),
(13, 3, 273, '16:47:58', NULL, NULL, '2024-06-28 11:47:58', '2024-06-28 11:47:58', NULL),
(14, 3, 274, '18:15:30', '18:16:12', '00:00:42', '2024-06-29 13:15:30', '2024-06-29 13:16:12', NULL),
(15, 9, 277, '18:34:31', NULL, NULL, '2024-06-29 13:34:31', '2024-06-29 13:34:31', NULL),
(26, 3, 283, '15:27:52', '15:28:11', '00:00:19', '2024-07-01 10:27:52', '2024-07-01 10:28:11', NULL),
(27, 3, 283, '15:28:28', '15:28:57', '00:00:29', '2024-07-01 10:28:28', '2024-07-01 10:28:57', NULL),
(42, 3, 295, '16:48:12', '16:50:34', '11:50:34', '2024-07-03 11:48:12', '2024-07-03 11:50:34', NULL),
(43, 3, 295, '16:50:39', '16:59:08', '11:59:08', '2024-07-03 11:50:39', '2024-07-03 11:59:08', NULL),
(44, 3, 295, '16:59:16', NULL, NULL, '2024-07-03 11:59:16', '2024-07-03 11:59:16', NULL);

-- --------------------------------------------------------

--
-- Table structure for table `users`
--

CREATE TABLE `users` (
  `id` bigint UNSIGNED NOT NULL,
  `name` varchar(255) COLLATE utf8mb4_unicode_ci NOT NULL,
  `email` varchar(255) COLLATE utf8mb4_unicode_ci NOT NULL,
  `email_verified_at` timestamp NULL DEFAULT NULL,
  `password` varchar(255) COLLATE utf8mb4_unicode_ci NOT NULL,
  `role_id` bigint UNSIGNED NOT NULL,
  `job_type` varchar(250) COLLATE utf8mb4_unicode_ci NOT NULL,
  `work_type` varchar(250) COLLATE utf8mb4_unicode_ci NOT NULL,
  `status` varchar(255) COLLATE utf8mb4_unicode_ci NOT NULL DEFAULT 'active',
  `remember_token` varchar(100) COLLATE utf8mb4_unicode_ci DEFAULT NULL,
  `created_at` timestamp NULL DEFAULT NULL,
  `updated_at` timestamp NULL DEFAULT NULL
) ENGINE=InnoDB DEFAULT CHARSET=utf8mb4 COLLATE=utf8mb4_unicode_ci;

--
-- Dumping data for table `users`
--

INSERT INTO `users` (`id`, `name`, `email`, `email_verified_at`, `password`, `role_id`, `job_type`, `work_type`, `status`, `remember_token`, `created_at`, `updated_at`) VALUES
(1, 'Mubeen Dewani', 'developer@pixelz360.com.au', NULL, '$2y$10$7Xg88Vfd5AkfLLIGH8igeO217mdHDb7WimlzNxSVzKSq2o.aUTjsK', 1, '', '', 'active', NULL, '2024-05-09 09:43:02', '2024-06-11 16:42:21'),
(2, 'Ahmed Raza', 'ahmedraza5261@gmail.com', NULL, '$2y$10$ZutuC/ZGn1S4dr8ZG/FC5.c6IWxAvaixJFe8eFYLFn0SXYnM859Ny', 3, 'onsite', 'fulltime', 'active', NULL, '2024-05-09 09:44:33', '2024-06-30 03:28:35'),
(3, 'Naveed Rashid', 'naveedrashid685@gmail.com', NULL, '$2y$10$.n6RpsRm820wzaE6gpfMTuz5L4Juwwhfhjd3ja.uHNcqJykvuhrQK', 1, 'onsite', 'fulltime', 'active', '0txpGNXSNNXEOiKbhKI7EQoJ1P9SyweKgp3r3gcZ3cop1CHfFpI0HMQgl3c7', '2024-05-09 09:45:25', '2024-06-28 09:19:24'),
(4, 'Huziafa Rasheed', 'huzafirasheed@gmail.com', NULL, '$2y$10$tovaH6fgU7C8WhydtFbe6ezBb0aQksiOBT4.yRmcDvqH360Wqcux6', 3, 'onsite', 'fulltime', 'active', 'XdP3B9IxPIGJyuuBBbzBbx41qdyM8rK0rsFIICaQc6K9inmrU1JodiHrWwvc', '2024-05-09 09:46:05', '2024-06-30 03:28:13'),
(6, 'Fawaz Hussain', 'fawazhussain02@gmail.com', NULL, '$2y$10$dak25gOuhXeGuUlQgq3b4.70cnpaTSWZMvW2fhx4O2phAXuHSzI3K', 3, 'remote', 'parttime', 'active', 'kstngdo2QdwJJSHYqmQEgQ3wV9CbwNqENkK7K3VGCo5jPWNSgWvEPULMvn1Y', '2024-05-09 09:56:36', '2024-07-01 07:44:56'),
(7, 'Faryal Farrukh', 'faryalfarrukh52@gmail.com', NULL, '$2y$10$PNJz7/AxjCPnMHD8HzBwBe.OQj1xSrCPkIFJhqyIdeZUsWG7MnGoi', 3, 'onsite', 'fulltime', 'active', 'spGhbwKiPCcqKT3GuwAkN1QRdC74e0wyWdIz2fAfnxFbeGQMwyBRXCV6WZ5K', '2024-05-09 10:18:01', '2024-06-30 03:27:48'),
(8, 'Mohammad Tahir', 'tahir.pixelz360@gmail.com', NULL, '$2y$10$.n6RpsRm820wzaE6gpfMTuz5L4Juwwhfhjd3ja.uHNcqJykvuhrQK', 3, 'remote', 'fulltime', 'active', '4KzPaTnwD9jvme2IMkhaVUmSJ1JjMxdWL1CjiRZAkQ9HOEECnIhzmICDBOTE', '2024-05-09 10:18:55', '2024-06-30 03:28:54'),
(9, 'Mohammad Hassan', 'hassan.pixelz360@gmail.com', NULL, '$2y$10$.n6RpsRm820wzaE6gpfMTuz5L4Juwwhfhjd3ja.uHNcqJykvuhrQK', 3, 'remote', 'fulltime', 'active', 'kWFYjd7UdwhHqDPHqKWKmBu0hfVQGQTJbJnbajclZehk5NOL2Fl16MLGgbVY', '2024-05-14 13:06:56', '2024-06-30 03:29:16'),
(11, 'Komal Tahir', 'seo@pixelz360.com.au', NULL, '$2y$10$5ndEdisaFVKQdTSdNemFxOYfSAJOhhy5/HP5qt84C2uM.hyQ8p6a6', 3, 'remote', 'fulltime', 'active', 'tLIu3rLQRouNvkscbNFCssJvH27NpEVG7zK6fylJXBvtfnkdNoRwYS4wtdt5', '2024-06-04 11:59:19', '2024-06-30 03:29:44'),
(12, 'Mohammad Ibrahim', 'muhammadibrahim6801@gmail.com', NULL, '$2y$10$Zgn4JjJ5K7CzmAd7K.7ArejDf9q4e8iaTa0Ofwe8XjsbKNHxfqL1G', 3, 'remote', 'fulltime', 'active', NULL, '2024-06-05 11:01:49', '2024-06-30 03:30:10'),
(13, 'Aine Shahid', 'hr@pixelz360.com.au', NULL, '$2y$10$.n6RpsRm820wzaE6gpfMTuz5L4Juwwhfhjd3ja.uHNcqJykvuhrQK', 2, 'remote', 'fulltime', 'active', 'ZNzwcK07xFuYC7IQ88i2iJQWgDlSVihaKdxdaLa7CSCuxwYRkCrquLk2oCO1', '2024-06-05 17:08:26', '2024-06-30 03:30:31'),
(19, 'testing update few', 'nohypi@mailinator.com', NULL, '$2y$10$AbJG0Mc6baxpvftpOo644.OT.7JAw5BwXflzeX6UpmkLaP8V5rrZi', 3, 'hybrid', 'fulltime', 'active', NULL, '2024-07-02 07:18:50', '2024-07-02 07:47:20');

--
-- Indexes for dumped tables
--

--
-- Indexes for table `account_users`
--
ALTER TABLE `account_users`
  ADD PRIMARY KEY (`id`),
  ADD UNIQUE KEY `account_users_account_number_unique` (`account_number`);

--
-- Indexes for table `attendances`
--
ALTER TABLE `attendances`
  ADD PRIMARY KEY (`id`);

--
-- Indexes for table `awards`
--
ALTER TABLE `awards`
  ADD PRIMARY KEY (`id`);

--
-- Indexes for table `bank_details`
--
ALTER TABLE `bank_details`
  ADD PRIMARY KEY (`id`);

--
-- Indexes for table `candidates`
--
ALTER TABLE `candidates`
  ADD PRIMARY KEY (`id`);

--
-- Indexes for table `complaints`
--
ALTER TABLE `complaints`
  ADD PRIMARY KEY (`id`),
  ADD UNIQUE KEY `complaints_ticket_number_unique` (`ticket_number`);

--
-- Indexes for table `departments`
--
ALTER TABLE `departments`
  ADD PRIMARY KEY (`id`);

--
-- Indexes for table `designations`
--
ALTER TABLE `designations`
  ADD PRIMARY KEY (`id`);

--
-- Indexes for table `document_users`
--
ALTER TABLE `document_users`
  ADD PRIMARY KEY (`id`);

--
-- Indexes for table `employees`
--
ALTER TABLE `employees`
  ADD PRIMARY KEY (`id`);

--
-- Indexes for table `employee_types`
--
ALTER TABLE `employee_types`
  ADD PRIMARY KEY (`id`);

--
-- Indexes for table `failed_jobs`
--
ALTER TABLE `failed_jobs`
  ADD PRIMARY KEY (`id`),
  ADD UNIQUE KEY `failed_jobs_uuid_unique` (`uuid`);

--
-- Indexes for table `holidays`
--
ALTER TABLE `holidays`
  ADD PRIMARY KEY (`id`);

--
-- Indexes for table `interviewer_remarks`
--
ALTER TABLE `interviewer_remarks`
  ADD PRIMARY KEY (`id`);

--
-- Indexes for table `jobs`
--
ALTER TABLE `jobs`
  ADD PRIMARY KEY (`id`);

--
-- Indexes for table `leave_applications`
--
ALTER TABLE `leave_applications`
  ADD PRIMARY KEY (`id`);

--
-- Indexes for table `leave_types`
--
ALTER TABLE `leave_types`
  ADD PRIMARY KEY (`id`),
  ADD UNIQUE KEY `leave_types_name_unique` (`name`);

--
-- Indexes for table `migrations`
--
ALTER TABLE `migrations`
  ADD PRIMARY KEY (`id`);

--
-- Indexes for table `notices`
--
ALTER TABLE `notices`
  ADD PRIMARY KEY (`id`);

--
-- Indexes for table `password_resets`
--
ALTER TABLE `password_resets`
  ADD KEY `password_resets_email_index` (`email`);

--
-- Indexes for table `permissions`
--
ALTER TABLE `permissions`
  ADD PRIMARY KEY (`id`);

--
-- Indexes for table `portfolios`
--
ALTER TABLE `portfolios`
  ADD PRIMARY KEY (`id`);

--
-- Indexes for table `roles`
--
ALTER TABLE `roles`
  ADD PRIMARY KEY (`id`);

--
-- Indexes for table `schedule_interviews`
--
ALTER TABLE `schedule_interviews`
  ADD PRIMARY KEY (`id`);

--
-- Indexes for table `shifts`
--
ALTER TABLE `shifts`
  ADD PRIMARY KEY (`id`);

--
-- Indexes for table `time_logs`
--
ALTER TABLE `time_logs`
  ADD PRIMARY KEY (`id`),
  ADD KEY `time_logs_attendance_id_foreign` (`attendance_id`);

--
-- Indexes for table `users`
--
ALTER TABLE `users`
  ADD PRIMARY KEY (`id`),
  ADD UNIQUE KEY `users_email_unique` (`email`);

--
-- AUTO_INCREMENT for dumped tables
--

--
-- AUTO_INCREMENT for table `account_users`
--
ALTER TABLE `account_users`
  MODIFY `id` bigint UNSIGNED NOT NULL AUTO_INCREMENT;

--
-- AUTO_INCREMENT for table `attendances`
--
ALTER TABLE `attendances`
  MODIFY `id` bigint UNSIGNED NOT NULL AUTO_INCREMENT, AUTO_INCREMENT=299;

--
-- AUTO_INCREMENT for table `awards`
--
ALTER TABLE `awards`
  MODIFY `id` bigint UNSIGNED NOT NULL AUTO_INCREMENT, AUTO_INCREMENT=2;

--
-- AUTO_INCREMENT for table `bank_details`
--
ALTER TABLE `bank_details`
  MODIFY `id` bigint UNSIGNED NOT NULL AUTO_INCREMENT, AUTO_INCREMENT=2;

--
-- AUTO_INCREMENT for table `candidates`
--
ALTER TABLE `candidates`
  MODIFY `id` bigint UNSIGNED NOT NULL AUTO_INCREMENT, AUTO_INCREMENT=8;

--
-- AUTO_INCREMENT for table `complaints`
--
ALTER TABLE `complaints`
  MODIFY `id` bigint UNSIGNED NOT NULL AUTO_INCREMENT;

--
-- AUTO_INCREMENT for table `departments`
--
ALTER TABLE `departments`
  MODIFY `id` bigint UNSIGNED NOT NULL AUTO_INCREMENT, AUTO_INCREMENT=7;

--
-- AUTO_INCREMENT for table `designations`
--
ALTER TABLE `designations`
  MODIFY `id` bigint UNSIGNED NOT NULL AUTO_INCREMENT, AUTO_INCREMENT=14;

--
-- AUTO_INCREMENT for table `document_users`
--
ALTER TABLE `document_users`
  MODIFY `id` bigint UNSIGNED NOT NULL AUTO_INCREMENT, AUTO_INCREMENT=31;

--
-- AUTO_INCREMENT for table `employees`
--
ALTER TABLE `employees`
  MODIFY `id` bigint UNSIGNED NOT NULL AUTO_INCREMENT, AUTO_INCREMENT=17;

--
-- AUTO_INCREMENT for table `employee_types`
--
ALTER TABLE `employee_types`
  MODIFY `id` bigint UNSIGNED NOT NULL AUTO_INCREMENT, AUTO_INCREMENT=5;

--
-- AUTO_INCREMENT for table `failed_jobs`
--
ALTER TABLE `failed_jobs`
  MODIFY `id` bigint UNSIGNED NOT NULL AUTO_INCREMENT;

--
-- AUTO_INCREMENT for table `holidays`
--
ALTER TABLE `holidays`
  MODIFY `id` bigint UNSIGNED NOT NULL AUTO_INCREMENT, AUTO_INCREMENT=11;

--
-- AUTO_INCREMENT for table `interviewer_remarks`
--
ALTER TABLE `interviewer_remarks`
  MODIFY `id` bigint UNSIGNED NOT NULL AUTO_INCREMENT, AUTO_INCREMENT=2;

--
-- AUTO_INCREMENT for table `jobs`
--
ALTER TABLE `jobs`
  MODIFY `id` bigint UNSIGNED NOT NULL AUTO_INCREMENT, AUTO_INCREMENT=3;

--
-- AUTO_INCREMENT for table `leave_applications`
--
ALTER TABLE `leave_applications`
  MODIFY `id` bigint UNSIGNED NOT NULL AUTO_INCREMENT, AUTO_INCREMENT=14;

--
-- AUTO_INCREMENT for table `leave_types`
--
ALTER TABLE `leave_types`
  MODIFY `id` bigint UNSIGNED NOT NULL AUTO_INCREMENT, AUTO_INCREMENT=11;

--
-- AUTO_INCREMENT for table `migrations`
--
ALTER TABLE `migrations`
  MODIFY `id` int UNSIGNED NOT NULL AUTO_INCREMENT, AUTO_INCREMENT=51;

--
-- AUTO_INCREMENT for table `notices`
--
ALTER TABLE `notices`
  MODIFY `id` bigint UNSIGNED NOT NULL AUTO_INCREMENT, AUTO_INCREMENT=3;

--
-- AUTO_INCREMENT for table `permissions`
--
ALTER TABLE `permissions`
  MODIFY `id` bigint UNSIGNED NOT NULL AUTO_INCREMENT;

--
-- AUTO_INCREMENT for table `portfolios`
--
ALTER TABLE `portfolios`
  MODIFY `id` bigint UNSIGNED NOT NULL AUTO_INCREMENT;

--
-- AUTO_INCREMENT for table `roles`
--
ALTER TABLE `roles`
  MODIFY `id` bigint UNSIGNED NOT NULL AUTO_INCREMENT, AUTO_INCREMENT=4;

--
-- AUTO_INCREMENT for table `schedule_interviews`
--
ALTER TABLE `schedule_interviews`
  MODIFY `id` bigint UNSIGNED NOT NULL AUTO_INCREMENT, AUTO_INCREMENT=4;

--
-- AUTO_INCREMENT for table `shifts`
--
ALTER TABLE `shifts`
  MODIFY `id` bigint UNSIGNED NOT NULL AUTO_INCREMENT, AUTO_INCREMENT=2;

--
-- AUTO_INCREMENT for table `time_logs`
--
ALTER TABLE `time_logs`
  MODIFY `id` bigint UNSIGNED NOT NULL AUTO_INCREMENT, AUTO_INCREMENT=58;

--
-- AUTO_INCREMENT for table `users`
--
ALTER TABLE `users`
  MODIFY `id` bigint UNSIGNED NOT NULL AUTO_INCREMENT, AUTO_INCREMENT=20;

--
-- Constraints for dumped tables
--

--
-- Constraints for table `time_logs`
--
ALTER TABLE `time_logs`
  ADD CONSTRAINT `time_logs_attendance_id_foreign` FOREIGN KEY (`attendance_id`) REFERENCES `attendances` (`id`) ON DELETE CASCADE;
COMMIT;

/*!40101 SET CHARACTER_SET_CLIENT=@OLD_CHARACTER_SET_CLIENT */;
/*!40101 SET CHARACTER_SET_RESULTS=@OLD_CHARACTER_SET_RESULTS */;
/*!40101 SET COLLATION_CONNECTION=@OLD_COLLATION_CONNECTION */;
